AUTH_METHOD;TIMESTAMP;ACCOUNT_UID;ACCOUNT_NAME;ACCOUNT_EMAIL;ACCOUNT_ORGANIZATION_UID;ACCOUNT_ORGANIZATION_NAME;ACCOUNT_TAGS;FINDING_UID;PROVIDER;CHECK_ID;CHECK_TITLE;CHECK_TYPE;STATUS;STATUS_EXTENDED;MUTED;SERVICE_NAME;SUBSERVICE_NAME;SEVERITY;RESOURCE_TYPE;RESOURCE_UID;RESOURCE_NAME;RESOURCE_DETAILS;RESOURCE_TAGS;PARTITION;REGION;DESCRIPTION;RISK;RELATED_URL;REMEDIATION_RECOMMENDATION_TEXT;REMEDIATION_RECOMMENDATION_URL;REMEDIATION_CODE_NATIVEIAC;REMEDIATION_CODE_TERRAFORM;REMEDIATION_CODE_CLI;REMEDIATION_CODE_OTHER;COMPLIANCE;CATEGORIES;DEPENDS_ON;RELATED_TO;NOTES;PROWLER_VERSION;ADDITIONAL_URLS;ACCOUNT_OU_UID;ACCOUNT_OU_NAME
profile: None;2026-09-02 05:33:48.082860;010603499647;;;;;;prowler-aws-iam_administrator_access_with_mfa-010603499647-eu-north-1-cloud-security-admins;aws;iam_administrator_access_with_mfa;IAM group members granted AdministratorAccess have MFA enabled;Software and Configuration Checks/AWS Security Best Practices | Software and Configuration Checks/Industry and Regulatory Standards/AWS Foundational Security Best Practices | Software and Configuration Checks/Industry and Regulatory Standards/CIS AWS Foundations Benchmark | TTPs/Initial Access | TTPs/Credential Access;PASS;Group cloud-security-admins has no policies.;False;iam;;high;AwsIamGroup;arn:aws:iam::010603499647:group/cloud-security-admins;cloud-security-admins;;;aws;eu-north-1;"**IAM groups** with the `AdministratorAccess` managed policy are assessed to ensure all member users have **active MFA**.

The finding highlights any administrator group that includes a user without MFA enrollment or activation.";**Admin users without MFA** are vulnerable to single-factor compromise. Stolen or guessed credentials can yield full control, enabling privilege escalation, policy changes, data exfiltration, and destructive operations, impacting **confidentiality**, **integrity**, and **availability**.;;"Enforce **MFA** for all administrator identities.
- Add conditions (e.g., `aws:MultiFactorAuthPresent`) to privileged permissions
- Prefer **hardware/FIDO2** devices
- Apply **least privilege** and favor **roles/SSO** over users
- Continuously monitor MFA status and remove unused admin access";https://hub.prowler.com/check/iam_administrator_access_with_mfa;"```yaml
# CloudFormation: ensure the IAM group does not have AdministratorAccess attached
Resources:
  <example_resource_name>:
    Type: AWS::IAM::Group
    Properties:
      GroupName: <example_resource_name>
      ManagedPolicyArns: []  # Critical: remove AdministratorAccess from this group to avoid admin rights without MFA
```";;aws iam detach-group-policy --group-name <IAM_GROUP_NAME> --policy-arn arn:aws:iam::aws:policy/AdministratorAccess;"1. In the AWS Console, go to IAM > User groups and open the group that has the AdministratorAccess policy.
2. Note the users listed in the group. For each user, open IAM > Users > <user>.
3. On the Security credentials tab, under Multi-factor authentication (MFA), select Assign MFA device.
4. Choose Authenticator app (or a security key), follow the prompts, enter the two MFA codes, and click Add MFA.
5. Repeat for all users in the group. Verify in IAM > Credential report that mfa_active is true for each user.";ASD-Essential-Eight-Nov 2023: E8-3.1 | SecNumCloud-3.2: 9.6 | AWS-Foundational-Technical-Review: IAM-001, IAM-0012 | CCC-v2025.10: CCC.Core.CN03.AR01, CCC.Core.CN03.AR02, CCC.Core.CN03.AR03, CCC.Core.CN05.AR02, CCC.Core.CN05.AR04, CCC.Core.CN05.AR06 | KISA-ISMS-P-2023: 2.5.3, 2.5.5, 2.10.2 | ENS-RD2022: op.acc.6.r2.aws.iam.1 | FedRAMP-20x-KSI-Low-25.05C: ksi-iam | NIST-CSF-2.0: rr_1, ac_4, ip_1 | MITRE-ATTACK: T1078, T1098, T1550 | NIS2: 11.1.2.c, 11.3.2.a, 11.7.2 | C5-2025: SP-01.04B, HR-01.01B, OPS-16.01B, IAM-04.06B, IAM-06.09B, IAM-08.05B, IAM-09.02B, IAM-09.01AC, IAM-10.01B, PSS-05.01B, PSS-05.02B, PSS-07.02B | KISA-ISMS-P-2023-korean: 2.5.3, 2.5.5, 2.10.2 | AWS-AI-Security-Framework-1.0: AISF-IAM-01;identity-access;;;;5.40.0;https://docs.aws.amazon.com/IAM/latest/UserGuide/id_credentials_mfa_configure-api-require.html | https://docs.aws.amazon.com/IAM/latest/UserGuide/id_credentials_mfa_enable_virtual.html | https://repost.aws/knowledge-center/mfa-iam-user-aws-cli;;
profile: None;2026-09-02 05:33:48.082860;010603499647;;;;;;prowler-aws-iam_administrator_access_with_mfa-010603499647-eu-north-1-cloud-security-admins1;aws;iam_administrator_access_with_mfa;IAM group members granted AdministratorAccess have MFA enabled;Software and Configuration Checks/AWS Security Best Practices | Software and Configuration Checks/Industry and Regulatory Standards/AWS Foundational Security Best Practices | Software and Configuration Checks/Industry and Regulatory Standards/CIS AWS Foundations Benchmark | TTPs/Initial Access | TTPs/Credential Access;FAIL;Group cloud-security-admins1 provides administrator access to User cloud-security-admin with MFA disabled.;False;iam;;high;AwsIamGroup;arn:aws:iam::010603499647:group/cloud-security-admins1;cloud-security-admins1;;;aws;eu-north-1;"**IAM groups** with the `AdministratorAccess` managed policy are assessed to ensure all member users have **active MFA**.

The finding highlights any administrator group that includes a user without MFA enrollment or activation.";**Admin users without MFA** are vulnerable to single-factor compromise. Stolen or guessed credentials can yield full control, enabling privilege escalation, policy changes, data exfiltration, and destructive operations, impacting **confidentiality**, **integrity**, and **availability**.;;"Enforce **MFA** for all administrator identities.
- Add conditions (e.g., `aws:MultiFactorAuthPresent`) to privileged permissions
- Prefer **hardware/FIDO2** devices
- Apply **least privilege** and favor **roles/SSO** over users
- Continuously monitor MFA status and remove unused admin access";https://hub.prowler.com/check/iam_administrator_access_with_mfa;"```yaml
# CloudFormation: ensure the IAM group does not have AdministratorAccess attached
Resources:
  <example_resource_name>:
    Type: AWS::IAM::Group
    Properties:
      GroupName: <example_resource_name>
      ManagedPolicyArns: []  # Critical: remove AdministratorAccess from this group to avoid admin rights without MFA
```";;aws iam detach-group-policy --group-name <IAM_GROUP_NAME> --policy-arn arn:aws:iam::aws:policy/AdministratorAccess;"1. In the AWS Console, go to IAM > User groups and open the group that has the AdministratorAccess policy.
2. Note the users listed in the group. For each user, open IAM > Users > <user>.
3. On the Security credentials tab, under Multi-factor authentication (MFA), select Assign MFA device.
4. Choose Authenticator app (or a security key), follow the prompts, enter the two MFA codes, and click Add MFA.
5. Repeat for all users in the group. Verify in IAM > Credential report that mfa_active is true for each user.";ASD-Essential-Eight-Nov 2023: E8-3.1 | SecNumCloud-3.2: 9.6 | AWS-Foundational-Technical-Review: IAM-001, IAM-0012 | CCC-v2025.10: CCC.Core.CN03.AR01, CCC.Core.CN03.AR02, CCC.Core.CN03.AR03, CCC.Core.CN05.AR02, CCC.Core.CN05.AR04, CCC.Core.CN05.AR06 | KISA-ISMS-P-2023: 2.5.3, 2.5.5, 2.10.2 | ENS-RD2022: op.acc.6.r2.aws.iam.1 | FedRAMP-20x-KSI-Low-25.05C: ksi-iam | NIST-CSF-2.0: rr_1, ac_4, ip_1 | MITRE-ATTACK: T1078, T1098, T1550 | NIS2: 11.1.2.c, 11.3.2.a, 11.7.2 | C5-2025: SP-01.04B, HR-01.01B, OPS-16.01B, IAM-04.06B, IAM-06.09B, IAM-08.05B, IAM-09.02B, IAM-09.01AC, IAM-10.01B, PSS-05.01B, PSS-05.02B, PSS-07.02B | KISA-ISMS-P-2023-korean: 2.5.3, 2.5.5, 2.10.2 | AWS-AI-Security-Framework-1.0: AISF-IAM-01;identity-access;;;;5.40.0;https://docs.aws.amazon.com/IAM/latest/UserGuide/id_credentials_mfa_configure-api-require.html | https://docs.aws.amazon.com/IAM/latest/UserGuide/id_credentials_mfa_enable_virtual.html | https://repost.aws/knowledge-center/mfa-iam-user-aws-cli;;
profile: None;2026-09-02 05:33:48.082860;010603499647;;;;;;prowler-aws-iam_avoid_root_usage-010603499647-eu-north-1-<root_account>;aws;iam_avoid_root_usage;AWS account root user has not been used in the last day;Software and Configuration Checks/AWS Security Best Practices | Software and Configuration Checks/Industry and Regulatory Standards/AWS Foundational Security Best Practices | Software and Configuration Checks/Industry and Regulatory Standards/CIS AWS Foundations Benchmark;FAIL;Root user in the account was last accessed 0 days ago.;False;iam;;high;AwsIamUser;arn:aws:iam::010603499647:root;<root_account>;;;aws;eu-north-1;**AWS IAM root user** activity is assessed by inspecting `last-used` timestamps for the root password and access keys. The finding indicates when the root identity has been used recently for console or programmatic access.;"Recent **root usage** expands blast radius:
- Data exfiltration (**confidentiality**)
- Policy/key tampering (**integrity**)
- Resource deletion and billing changes (**availability**)
Routine use reduces anomaly visibility and eases **account takeover** impact.";;"Minimize `root` usage by applying **least privilege** with admin roles or federated SSO and temporary credentials.
- Enforce **MFA** on root
- Avoid or remove root access keys
- Require multi-person approval
- **Monitor and alert** on any root sign-in
- Use org guardrails for **defense in depth**";https://hub.prowler.com/check/iam_avoid_root_usage;;;;"1. Sign in to the AWS Management Console as the root user
2. In the top-right, click your account name > Security credentials
3. Under Access keys for the root user, delete all existing keys
4. Sign out of the root user and do not use it again
5. Wait 24 hours (until the root user has not been accessed for a full day) for the check to pass";CIS-4.0.1: 1.7 | SecNumCloud-3.2: 9.6 | CIS-6.0: 2.6 | CIS-3.0: 1.7 | AWS-Well-Architected-Framework-Security-Pillar: SEC02-BP01 | ISO27001-2022: A.5.15 | CCC-v2025.10: CCC.Core.CN05.AR02 | CIS-1.5: 1.7 | CIS-7.0: 2.7 | KISA-ISMS-P-2023: 2.5.1, 2.5.5, 2.10.2 | ENS-RD2022: op.acc.2.aws.iam.4, op.acc.4.aws.iam.7 | ISO27001-2013: A.9.2.H, A.9.4.H | CIS-5.0: 1.6 | MITRE-ATTACK: T1078, T1098 | CIS-1.4: 1.7 | NIS2: 6.7.2.e, 11.3.2.b, 11.3.2.c, 11.4.2.a | C5-2025: IAM-03.01B, IAM-03.03B, IAM-06.02B, IAM-06.04B | CIS-2.0: 1.7 | AWS-Account-Security-Onboarding: Block root user | ProwlerThreatScore-1.0: 1.2.5 | KISA-ISMS-P-2023-korean: 2.5.1, 2.5.5, 2.10.2 | AWS-AI-Security-Framework-1.0: AISF-IAM-04;identity-access;;;;5.40.0;https://docs.aws.amazon.com/IAM/latest/UserGuide/root-user-best-practices.html | https://www.trendmicro.com/trendaivisiononecloudriskmanagement/knowledge-base/aws/IAM/root-account-used-recently.html;;
profile: None;2026-09-02 05:33:48.082860;010603499647;;;;;;prowler-aws-iam_aws_attached_policy_no_administrative_privileges-010603499647-eu-north-1-AWSTrustedAdvisorServiceRolePolicy;aws;iam_aws_attached_policy_no_administrative_privileges;Attached AWS-managed IAM policy does not allow '*:*' administrative privileges;Software and Configuration Checks/AWS Security Best Practices | Software and Configuration Checks/Industry and Regulatory Standards/AWS Foundational Security Best Practices | Software and Configuration Checks/Industry and Regulatory Standards/CIS AWS Foundations Benchmark | TTPs/Privilege Escalation;PASS;AWS policy AWSTrustedAdvisorServiceRolePolicy is attached but does not allow '*:*' administrative privileges.;False;iam;;critical;AwsIamPolicy;arn:aws:iam::aws:policy/aws-service-role/AWSTrustedAdvisorServiceRolePolicy;AWSTrustedAdvisorServiceRolePolicy;;;aws;eu-north-1;**IAM AWS-managed policies** attached to identities are inspected for statements that allow `Action:'*'` on `Resource:'*'`-i.e., full administrative `*:*` permissions;"**Unrestricted `*:*` access** enables any action on any resource, risking:
- Data exfiltration (**confidentiality**)
- Unauthorized changes and policy tampering (**integrity**)
- Service deletion or shutdown (**availability**)
Attackers can disable logging, create backdoor principals, and expand lateral movement.";;"Apply **least privilege**: avoid attaching AWS-managed policies that grant `*:*`.
- Use **customer-managed, scoped policies** per role
- Enforce **separation of duties** and **permissions boundaries**
- Prefer **temporary, time-bound elevation** for emergencies with MFA
- Regularly review access and use conditions to constrain context";https://hub.prowler.com/check/iam_aws_attached_policy_no_administrative_privileges;"```yaml
# CloudFormation: ensure no AWS-managed admin policy ('*:*') is attached
Resources:
  <example_resource_name>:
    Type: AWS::IAM::Role
    Properties:
      AssumeRolePolicyDocument:
        Version: '2012-10-17'
        Statement:
          - Effect: Allow
            Principal:
              Service: ec2.amazonaws.com
            Action: sts:AssumeRole
      ManagedPolicyArns: []  # FIX: empty list detaches/removes any attached AWS-managed admin policy (e.g., AdministratorAccess)
```";"```hcl
# Replace full admin attachment with a non-admin policy (ensure AdministratorAccess is not attached)
resource ""aws_iam_role_policy_attachment"" ""<example_resource_name>"" {
  role       = ""<example_resource_name>""
  policy_arn = ""arn:aws:iam::aws:policy/ReadOnlyAccess""  # FIX: avoids '*:*' admin privileges; replace AdministratorAccess
}
```";;"1. In the AWS Console, go to IAM > Policies
2. Search for the flagged AWS-managed policy (e.g., AdministratorAccess) and open it
3. Click Attached entities
4. Select all Users, Groups, and Roles shown and click Detach
5. Confirm the policy shows 0 attached entities
6. Rerun the check to verify it passes";ASD-Essential-Eight-Nov 2023: E8-4.4 | CIS-4.0.1: 1.16 | FedRAMP-Low-Revision-4: ac-2, ac-3 | SecNumCloud-3.2: 9.1 | FedRamp-Moderate-Revision-4: ac-2-1, ac-2-f, ac-2-j, ac-3, ac-5-c, ac-6-10, ac-6, sc-2 | SOC2: cc_1_3, cc_6_3 | NIST-800-53-Revision-5: ac_2_1, ac_2_6, ac_2_i_2, ac_3, ac_3_3, ac_3_3_a, ac_3_3_b_1, ac_3_3_b_2, ac_3_3_b_3, ac_3_3_b_4, ac_3_3_b_5, ac_3_3_c, ac_3_4, ac_3_4_a, ac_3_4_b, ac_3_4_c, ac_3_4_d, ac_3_4_e, ac_3_7, ac_3_8, ac_3_12_a, ac_3_13, ac_3_15_a, ac_3_15_b, ac_4_28, ac_5_b, ac_6, ac_6_2, ac_6_3, ac_6_10, ac_24, cm_5_1_a, cm_6_a, cm_9_b, mp_2, sc_23_3, sc_25 | FFIEC: d3-pc-am-b-1, d3-pc-am-b-16, d3-pc-am-b-2, d3-pc-am-b-3, d3-pc-am-b-6, d3-pc-im-b-7 | CIS-6.0: 2.15 | CIS-3.0: 1.16 | NIST-800-171-Revision-2: 3_1_1, 3_1_2, 3_1_4, 3_1_5, 3_1_6, 3_1_7, 3_4_6, 3_13_3 | AWS-Well-Architected-Framework-Security-Pillar: SEC03-BP02 | ISO27001-2022: A.5.18, A.8.2 | NIST-CSF-1.1: ac_1, ac_4, pt_3 | RBI-Cyber-Security-Framework: annex_i_7_1 | CCC-v2025.10: CCC.Core.CN05.AR02, CCC.IAM.CN01.AR01, CCC.IAM.CN01.AR02, CCC.IAM.CN02.AR01, CCC.IAM.CN02.AR02, CCC.IAM.CN04.AR01 | CIS-1.5: 1.16 | CIS-7.0: 2.14 | KISA-ISMS-P-2023: 2.5.1, 2.5.5, 2.5.6, 2.10.2 | ENS-RD2022: op.acc.4.aws.iam.1, op.acc.4.aws.iam.2, op.acc.4.aws.iam.9, op.exp.8.r4.aws.ct.8 | GxP-21-CFR-Part-11: 11.10-d, 11.10-g | CIS-5.0: 1.15 | FedRAMP-20x-KSI-Low-25.05C: ksi-iam | NIST-CSF-2.0: rr_1, rr_2, po_1, ac_1 | NIST-800-53-Revision-4: ac_2, ac_3, ac_5, ac_6, sc_2 | MITRE-ATTACK: T1078, T1648, T1098, T1578, T1550, T1040, T1580, T1538, T1619, T1201 | CIS-1.4: 1.16 | CISA: your-systems-3, your-surroundings-3 | C5-2025: OIS-04.03B, OIS-04.01AC, SP-01.04B, HR-01.01B, IAM-01.01B, IAM-01.04B | CIS-2.0: 1.16 | GDPR: article_25 | AWS-Foundational-Security-Best-Practices: IAM.1 | ProwlerThreatScore-1.0: 1.3.1 | HIPAA: 164_308_a_1_ii_b, 164_308_a_3_i, 164_308_a_3_ii_b, 164_308_a_4_i, 164_308_a_4_ii_b, 164_308_a_4_ii_c, 164_312_a_1 | KISA-ISMS-P-2023-korean: 2.5.1, 2.5.5, 2.5.6, 2.10.2 | AWS-AI-Security-Framework-1.0: AISF-IAM-02;identity-access;;;CAF Security Epic: IAM;5.40.0;https://docs.aws.amazon.com/aws-managed-policy/latest/reference/AdministratorAccess.html | https://support.icompaas.com/support/solutions/articles/62000233815-ensure-iam-roles-do-not-have-administratoraccess-policy-attached | http://docs.aws.amazon.com/IAM/latest/UserGuide/best-practices.html;;
profile: None;2026-09-02 05:33:48.082860;010603499647;;;;;;prowler-aws-iam_aws_attached_policy_no_administrative_privileges-010603499647-eu-north-1-AdministratorAccess;aws;iam_aws_attached_policy_no_administrative_privileges;Attached AWS-managed IAM policy does not allow '*:*' administrative privileges;Software and Configuration Checks/AWS Security Best Practices | Software and Configuration Checks/Industry and Regulatory Standards/AWS Foundational Security Best Practices | Software and Configuration Checks/Industry and Regulatory Standards/CIS AWS Foundations Benchmark | TTPs/Privilege Escalation;FAIL;AWS policy AdministratorAccess is attached and allows '*:*' administrative privileges.;False;iam;;critical;AwsIamPolicy;arn:aws:iam::aws:policy/AdministratorAccess;AdministratorAccess;;;aws;eu-north-1;**IAM AWS-managed policies** attached to identities are inspected for statements that allow `Action:'*'` on `Resource:'*'`-i.e., full administrative `*:*` permissions;"**Unrestricted `*:*` access** enables any action on any resource, risking:
- Data exfiltration (**confidentiality**)
- Unauthorized changes and policy tampering (**integrity**)
- Service deletion or shutdown (**availability**)
Attackers can disable logging, create backdoor principals, and expand lateral movement.";;"Apply **least privilege**: avoid attaching AWS-managed policies that grant `*:*`.
- Use **customer-managed, scoped policies** per role
- Enforce **separation of duties** and **permissions boundaries**
- Prefer **temporary, time-bound elevation** for emergencies with MFA
- Regularly review access and use conditions to constrain context";https://hub.prowler.com/check/iam_aws_attached_policy_no_administrative_privileges;"```yaml
# CloudFormation: ensure no AWS-managed admin policy ('*:*') is attached
Resources:
  <example_resource_name>:
    Type: AWS::IAM::Role
    Properties:
      AssumeRolePolicyDocument:
        Version: '2012-10-17'
        Statement:
          - Effect: Allow
            Principal:
              Service: ec2.amazonaws.com
            Action: sts:AssumeRole
      ManagedPolicyArns: []  # FIX: empty list detaches/removes any attached AWS-managed admin policy (e.g., AdministratorAccess)
```";"```hcl
# Replace full admin attachment with a non-admin policy (ensure AdministratorAccess is not attached)
resource ""aws_iam_role_policy_attachment"" ""<example_resource_name>"" {
  role       = ""<example_resource_name>""
  policy_arn = ""arn:aws:iam::aws:policy/ReadOnlyAccess""  # FIX: avoids '*:*' admin privileges; replace AdministratorAccess
}
```";;"1. In the AWS Console, go to IAM > Policies
2. Search for the flagged AWS-managed policy (e.g., AdministratorAccess) and open it
3. Click Attached entities
4. Select all Users, Groups, and Roles shown and click Detach
5. Confirm the policy shows 0 attached entities
6. Rerun the check to verify it passes";ASD-Essential-Eight-Nov 2023: E8-4.4 | CIS-4.0.1: 1.16 | FedRAMP-Low-Revision-4: ac-2, ac-3 | SecNumCloud-3.2: 9.1 | FedRamp-Moderate-Revision-4: ac-2-1, ac-2-f, ac-2-j, ac-3, ac-5-c, ac-6-10, ac-6, sc-2 | SOC2: cc_1_3, cc_6_3 | NIST-800-53-Revision-5: ac_2_1, ac_2_6, ac_2_i_2, ac_3, ac_3_3, ac_3_3_a, ac_3_3_b_1, ac_3_3_b_2, ac_3_3_b_3, ac_3_3_b_4, ac_3_3_b_5, ac_3_3_c, ac_3_4, ac_3_4_a, ac_3_4_b, ac_3_4_c, ac_3_4_d, ac_3_4_e, ac_3_7, ac_3_8, ac_3_12_a, ac_3_13, ac_3_15_a, ac_3_15_b, ac_4_28, ac_5_b, ac_6, ac_6_2, ac_6_3, ac_6_10, ac_24, cm_5_1_a, cm_6_a, cm_9_b, mp_2, sc_23_3, sc_25 | FFIEC: d3-pc-am-b-1, d3-pc-am-b-16, d3-pc-am-b-2, d3-pc-am-b-3, d3-pc-am-b-6, d3-pc-im-b-7 | CIS-6.0: 2.15 | CIS-3.0: 1.16 | NIST-800-171-Revision-2: 3_1_1, 3_1_2, 3_1_4, 3_1_5, 3_1_6, 3_1_7, 3_4_6, 3_13_3 | AWS-Well-Architected-Framework-Security-Pillar: SEC03-BP02 | ISO27001-2022: A.5.18, A.8.2 | NIST-CSF-1.1: ac_1, ac_4, pt_3 | RBI-Cyber-Security-Framework: annex_i_7_1 | CCC-v2025.10: CCC.Core.CN05.AR02, CCC.IAM.CN01.AR01, CCC.IAM.CN01.AR02, CCC.IAM.CN02.AR01, CCC.IAM.CN02.AR02, CCC.IAM.CN04.AR01 | CIS-1.5: 1.16 | CIS-7.0: 2.14 | KISA-ISMS-P-2023: 2.5.1, 2.5.5, 2.5.6, 2.10.2 | ENS-RD2022: op.acc.4.aws.iam.1, op.acc.4.aws.iam.2, op.acc.4.aws.iam.9, op.exp.8.r4.aws.ct.8 | GxP-21-CFR-Part-11: 11.10-d, 11.10-g | CIS-5.0: 1.15 | FedRAMP-20x-KSI-Low-25.05C: ksi-iam | NIST-CSF-2.0: rr_1, rr_2, po_1, ac_1 | NIST-800-53-Revision-4: ac_2, ac_3, ac_5, ac_6, sc_2 | MITRE-ATTACK: T1078, T1648, T1098, T1578, T1550, T1040, T1580, T1538, T1619, T1201 | CIS-1.4: 1.16 | CISA: your-systems-3, your-surroundings-3 | C5-2025: OIS-04.03B, OIS-04.01AC, SP-01.04B, HR-01.01B, IAM-01.01B, IAM-01.04B | CIS-2.0: 1.16 | GDPR: article_25 | AWS-Foundational-Security-Best-Practices: IAM.1 | ProwlerThreatScore-1.0: 1.3.1 | HIPAA: 164_308_a_1_ii_b, 164_308_a_3_i, 164_308_a_3_ii_b, 164_308_a_4_i, 164_308_a_4_ii_b, 164_308_a_4_ii_c, 164_312_a_1 | KISA-ISMS-P-2023-korean: 2.5.1, 2.5.5, 2.5.6, 2.10.2 | AWS-AI-Security-Framework-1.0: AISF-IAM-02;identity-access;;;CAF Security Epic: IAM;5.40.0;https://docs.aws.amazon.com/aws-managed-policy/latest/reference/AdministratorAccess.html | https://support.icompaas.com/support/solutions/articles/62000233815-ensure-iam-roles-do-not-have-administratoraccess-policy-attached | http://docs.aws.amazon.com/IAM/latest/UserGuide/best-practices.html;;
profile: None;2026-09-02 05:33:48.082860;010603499647;;;;;;prowler-aws-iam_aws_attached_policy_no_administrative_privileges-010603499647-eu-north-1-AWSSupportServiceRolePolicy;aws;iam_aws_attached_policy_no_administrative_privileges;Attached AWS-managed IAM policy does not allow '*:*' administrative privileges;Software and Configuration Checks/AWS Security Best Practices | Software and Configuration Checks/Industry and Regulatory Standards/AWS Foundational Security Best Practices | Software and Configuration Checks/Industry and Regulatory Standards/CIS AWS Foundations Benchmark | TTPs/Privilege Escalation;PASS;AWS policy AWSSupportServiceRolePolicy is attached but does not allow '*:*' administrative privileges.;False;iam;;critical;AwsIamPolicy;arn:aws:iam::aws:policy/aws-service-role/AWSSupportServiceRolePolicy;AWSSupportServiceRolePolicy;;;aws;eu-north-1;**IAM AWS-managed policies** attached to identities are inspected for statements that allow `Action:'*'` on `Resource:'*'`-i.e., full administrative `*:*` permissions;"**Unrestricted `*:*` access** enables any action on any resource, risking:
- Data exfiltration (**confidentiality**)
- Unauthorized changes and policy tampering (**integrity**)
- Service deletion or shutdown (**availability**)
Attackers can disable logging, create backdoor principals, and expand lateral movement.";;"Apply **least privilege**: avoid attaching AWS-managed policies that grant `*:*`.
- Use **customer-managed, scoped policies** per role
- Enforce **separation of duties** and **permissions boundaries**
- Prefer **temporary, time-bound elevation** for emergencies with MFA
- Regularly review access and use conditions to constrain context";https://hub.prowler.com/check/iam_aws_attached_policy_no_administrative_privileges;"```yaml
# CloudFormation: ensure no AWS-managed admin policy ('*:*') is attached
Resources:
  <example_resource_name>:
    Type: AWS::IAM::Role
    Properties:
      AssumeRolePolicyDocument:
        Version: '2012-10-17'
        Statement:
          - Effect: Allow
            Principal:
              Service: ec2.amazonaws.com
            Action: sts:AssumeRole
      ManagedPolicyArns: []  # FIX: empty list detaches/removes any attached AWS-managed admin policy (e.g., AdministratorAccess)
```";"```hcl
# Replace full admin attachment with a non-admin policy (ensure AdministratorAccess is not attached)
resource ""aws_iam_role_policy_attachment"" ""<example_resource_name>"" {
  role       = ""<example_resource_name>""
  policy_arn = ""arn:aws:iam::aws:policy/ReadOnlyAccess""  # FIX: avoids '*:*' admin privileges; replace AdministratorAccess
}
```";;"1. In the AWS Console, go to IAM > Policies
2. Search for the flagged AWS-managed policy (e.g., AdministratorAccess) and open it
3. Click Attached entities
4. Select all Users, Groups, and Roles shown and click Detach
5. Confirm the policy shows 0 attached entities
6. Rerun the check to verify it passes";ASD-Essential-Eight-Nov 2023: E8-4.4 | CIS-4.0.1: 1.16 | FedRAMP-Low-Revision-4: ac-2, ac-3 | SecNumCloud-3.2: 9.1 | FedRamp-Moderate-Revision-4: ac-2-1, ac-2-f, ac-2-j, ac-3, ac-5-c, ac-6-10, ac-6, sc-2 | SOC2: cc_1_3, cc_6_3 | NIST-800-53-Revision-5: ac_2_1, ac_2_6, ac_2_i_2, ac_3, ac_3_3, ac_3_3_a, ac_3_3_b_1, ac_3_3_b_2, ac_3_3_b_3, ac_3_3_b_4, ac_3_3_b_5, ac_3_3_c, ac_3_4, ac_3_4_a, ac_3_4_b, ac_3_4_c, ac_3_4_d, ac_3_4_e, ac_3_7, ac_3_8, ac_3_12_a, ac_3_13, ac_3_15_a, ac_3_15_b, ac_4_28, ac_5_b, ac_6, ac_6_2, ac_6_3, ac_6_10, ac_24, cm_5_1_a, cm_6_a, cm_9_b, mp_2, sc_23_3, sc_25 | FFIEC: d3-pc-am-b-1, d3-pc-am-b-16, d3-pc-am-b-2, d3-pc-am-b-3, d3-pc-am-b-6, d3-pc-im-b-7 | CIS-6.0: 2.15 | CIS-3.0: 1.16 | NIST-800-171-Revision-2: 3_1_1, 3_1_2, 3_1_4, 3_1_5, 3_1_6, 3_1_7, 3_4_6, 3_13_3 | AWS-Well-Architected-Framework-Security-Pillar: SEC03-BP02 | ISO27001-2022: A.5.18, A.8.2 | NIST-CSF-1.1: ac_1, ac_4, pt_3 | RBI-Cyber-Security-Framework: annex_i_7_1 | CCC-v2025.10: CCC.Core.CN05.AR02, CCC.IAM.CN01.AR01, CCC.IAM.CN01.AR02, CCC.IAM.CN02.AR01, CCC.IAM.CN02.AR02, CCC.IAM.CN04.AR01 | CIS-1.5: 1.16 | CIS-7.0: 2.14 | KISA-ISMS-P-2023: 2.5.1, 2.5.5, 2.5.6, 2.10.2 | ENS-RD2022: op.acc.4.aws.iam.1, op.acc.4.aws.iam.2, op.acc.4.aws.iam.9, op.exp.8.r4.aws.ct.8 | GxP-21-CFR-Part-11: 11.10-d, 11.10-g | CIS-5.0: 1.15 | FedRAMP-20x-KSI-Low-25.05C: ksi-iam | NIST-CSF-2.0: rr_1, rr_2, po_1, ac_1 | NIST-800-53-Revision-4: ac_2, ac_3, ac_5, ac_6, sc_2 | MITRE-ATTACK: T1078, T1648, T1098, T1578, T1550, T1040, T1580, T1538, T1619, T1201 | CIS-1.4: 1.16 | CISA: your-systems-3, your-surroundings-3 | C5-2025: OIS-04.03B, OIS-04.01AC, SP-01.04B, HR-01.01B, IAM-01.01B, IAM-01.04B | CIS-2.0: 1.16 | GDPR: article_25 | AWS-Foundational-Security-Best-Practices: IAM.1 | ProwlerThreatScore-1.0: 1.3.1 | HIPAA: 164_308_a_1_ii_b, 164_308_a_3_i, 164_308_a_3_ii_b, 164_308_a_4_i, 164_308_a_4_ii_b, 164_308_a_4_ii_c, 164_312_a_1 | KISA-ISMS-P-2023-korean: 2.5.1, 2.5.5, 2.5.6, 2.10.2 | AWS-AI-Security-Framework-1.0: AISF-IAM-02;identity-access;;;CAF Security Epic: IAM;5.40.0;https://docs.aws.amazon.com/aws-managed-policy/latest/reference/AdministratorAccess.html | https://support.icompaas.com/support/solutions/articles/62000233815-ensure-iam-roles-do-not-have-administratoraccess-policy-attached | http://docs.aws.amazon.com/IAM/latest/UserGuide/best-practices.html;;
profile: None;2026-09-02 05:33:48.082860;010603499647;;;;;;prowler-aws-iam_aws_attached_policy_no_administrative_privileges-010603499647-eu-north-1-IAMUserChangePassword;aws;iam_aws_attached_policy_no_administrative_privileges;Attached AWS-managed IAM policy does not allow '*:*' administrative privileges;Software and Configuration Checks/AWS Security Best Practices | Software and Configuration Checks/Industry and Regulatory Standards/AWS Foundational Security Best Practices | Software and Configuration Checks/Industry and Regulatory Standards/CIS AWS Foundations Benchmark | TTPs/Privilege Escalation;PASS;AWS policy IAMUserChangePassword is attached but does not allow '*:*' administrative privileges.;False;iam;;critical;AwsIamPolicy;arn:aws:iam::aws:policy/IAMUserChangePassword;IAMUserChangePassword;;;aws;eu-north-1;**IAM AWS-managed policies** attached to identities are inspected for statements that allow `Action:'*'` on `Resource:'*'`-i.e., full administrative `*:*` permissions;"**Unrestricted `*:*` access** enables any action on any resource, risking:
- Data exfiltration (**confidentiality**)
- Unauthorized changes and policy tampering (**integrity**)
- Service deletion or shutdown (**availability**)
Attackers can disable logging, create backdoor principals, and expand lateral movement.";;"Apply **least privilege**: avoid attaching AWS-managed policies that grant `*:*`.
- Use **customer-managed, scoped policies** per role
- Enforce **separation of duties** and **permissions boundaries**
- Prefer **temporary, time-bound elevation** for emergencies with MFA
- Regularly review access and use conditions to constrain context";https://hub.prowler.com/check/iam_aws_attached_policy_no_administrative_privileges;"```yaml
# CloudFormation: ensure no AWS-managed admin policy ('*:*') is attached
Resources:
  <example_resource_name>:
    Type: AWS::IAM::Role
    Properties:
      AssumeRolePolicyDocument:
        Version: '2012-10-17'
        Statement:
          - Effect: Allow
            Principal:
              Service: ec2.amazonaws.com
            Action: sts:AssumeRole
      ManagedPolicyArns: []  # FIX: empty list detaches/removes any attached AWS-managed admin policy (e.g., AdministratorAccess)
```";"```hcl
# Replace full admin attachment with a non-admin policy (ensure AdministratorAccess is not attached)
resource ""aws_iam_role_policy_attachment"" ""<example_resource_name>"" {
  role       = ""<example_resource_name>""
  policy_arn = ""arn:aws:iam::aws:policy/ReadOnlyAccess""  # FIX: avoids '*:*' admin privileges; replace AdministratorAccess
}
```";;"1. In the AWS Console, go to IAM > Policies
2. Search for the flagged AWS-managed policy (e.g., AdministratorAccess) and open it
3. Click Attached entities
4. Select all Users, Groups, and Roles shown and click Detach
5. Confirm the policy shows 0 attached entities
6. Rerun the check to verify it passes";ASD-Essential-Eight-Nov 2023: E8-4.4 | CIS-4.0.1: 1.16 | FedRAMP-Low-Revision-4: ac-2, ac-3 | SecNumCloud-3.2: 9.1 | FedRamp-Moderate-Revision-4: ac-2-1, ac-2-f, ac-2-j, ac-3, ac-5-c, ac-6-10, ac-6, sc-2 | SOC2: cc_1_3, cc_6_3 | NIST-800-53-Revision-5: ac_2_1, ac_2_6, ac_2_i_2, ac_3, ac_3_3, ac_3_3_a, ac_3_3_b_1, ac_3_3_b_2, ac_3_3_b_3, ac_3_3_b_4, ac_3_3_b_5, ac_3_3_c, ac_3_4, ac_3_4_a, ac_3_4_b, ac_3_4_c, ac_3_4_d, ac_3_4_e, ac_3_7, ac_3_8, ac_3_12_a, ac_3_13, ac_3_15_a, ac_3_15_b, ac_4_28, ac_5_b, ac_6, ac_6_2, ac_6_3, ac_6_10, ac_24, cm_5_1_a, cm_6_a, cm_9_b, mp_2, sc_23_3, sc_25 | FFIEC: d3-pc-am-b-1, d3-pc-am-b-16, d3-pc-am-b-2, d3-pc-am-b-3, d3-pc-am-b-6, d3-pc-im-b-7 | CIS-6.0: 2.15 | CIS-3.0: 1.16 | NIST-800-171-Revision-2: 3_1_1, 3_1_2, 3_1_4, 3_1_5, 3_1_6, 3_1_7, 3_4_6, 3_13_3 | AWS-Well-Architected-Framework-Security-Pillar: SEC03-BP02 | ISO27001-2022: A.5.18, A.8.2 | NIST-CSF-1.1: ac_1, ac_4, pt_3 | RBI-Cyber-Security-Framework: annex_i_7_1 | CCC-v2025.10: CCC.Core.CN05.AR02, CCC.IAM.CN01.AR01, CCC.IAM.CN01.AR02, CCC.IAM.CN02.AR01, CCC.IAM.CN02.AR02, CCC.IAM.CN04.AR01 | CIS-1.5: 1.16 | CIS-7.0: 2.14 | KISA-ISMS-P-2023: 2.5.1, 2.5.5, 2.5.6, 2.10.2 | ENS-RD2022: op.acc.4.aws.iam.1, op.acc.4.aws.iam.2, op.acc.4.aws.iam.9, op.exp.8.r4.aws.ct.8 | GxP-21-CFR-Part-11: 11.10-d, 11.10-g | CIS-5.0: 1.15 | FedRAMP-20x-KSI-Low-25.05C: ksi-iam | NIST-CSF-2.0: rr_1, rr_2, po_1, ac_1 | NIST-800-53-Revision-4: ac_2, ac_3, ac_5, ac_6, sc_2 | MITRE-ATTACK: T1078, T1648, T1098, T1578, T1550, T1040, T1580, T1538, T1619, T1201 | CIS-1.4: 1.16 | CISA: your-systems-3, your-surroundings-3 | C5-2025: OIS-04.03B, OIS-04.01AC, SP-01.04B, HR-01.01B, IAM-01.01B, IAM-01.04B | CIS-2.0: 1.16 | GDPR: article_25 | AWS-Foundational-Security-Best-Practices: IAM.1 | ProwlerThreatScore-1.0: 1.3.1 | HIPAA: 164_308_a_1_ii_b, 164_308_a_3_i, 164_308_a_3_ii_b, 164_308_a_4_i, 164_308_a_4_ii_b, 164_308_a_4_ii_c, 164_312_a_1 | KISA-ISMS-P-2023-korean: 2.5.1, 2.5.5, 2.5.6, 2.10.2 | AWS-AI-Security-Framework-1.0: AISF-IAM-02;identity-access;;;CAF Security Epic: IAM;5.40.0;https://docs.aws.amazon.com/aws-managed-policy/latest/reference/AdministratorAccess.html | https://support.icompaas.com/support/solutions/articles/62000233815-ensure-iam-roles-do-not-have-administratoraccess-policy-attached | http://docs.aws.amazon.com/IAM/latest/UserGuide/best-practices.html;;
profile: None;2026-09-02 05:33:48.082860;010603499647;;;;;;prowler-aws-iam_aws_attached_policy_no_administrative_privileges-010603499647-eu-north-1-AWSResourceExplorerServiceRolePolicy;aws;iam_aws_attached_policy_no_administrative_privileges;Attached AWS-managed IAM policy does not allow '*:*' administrative privileges;Software and Configuration Checks/AWS Security Best Practices | Software and Configuration Checks/Industry and Regulatory Standards/AWS Foundational Security Best Practices | Software and Configuration Checks/Industry and Regulatory Standards/CIS AWS Foundations Benchmark | TTPs/Privilege Escalation;PASS;AWS policy AWSResourceExplorerServiceRolePolicy is attached but does not allow '*:*' administrative privileges.;False;iam;;critical;AwsIamPolicy;arn:aws:iam::aws:policy/aws-service-role/AWSResourceExplorerServiceRolePolicy;AWSResourceExplorerServiceRolePolicy;;;aws;eu-north-1;**IAM AWS-managed policies** attached to identities are inspected for statements that allow `Action:'*'` on `Resource:'*'`-i.e., full administrative `*:*` permissions;"**Unrestricted `*:*` access** enables any action on any resource, risking:
- Data exfiltration (**confidentiality**)
- Unauthorized changes and policy tampering (**integrity**)
- Service deletion or shutdown (**availability**)
Attackers can disable logging, create backdoor principals, and expand lateral movement.";;"Apply **least privilege**: avoid attaching AWS-managed policies that grant `*:*`.
- Use **customer-managed, scoped policies** per role
- Enforce **separation of duties** and **permissions boundaries**
- Prefer **temporary, time-bound elevation** for emergencies with MFA
- Regularly review access and use conditions to constrain context";https://hub.prowler.com/check/iam_aws_attached_policy_no_administrative_privileges;"```yaml
# CloudFormation: ensure no AWS-managed admin policy ('*:*') is attached
Resources:
  <example_resource_name>:
    Type: AWS::IAM::Role
    Properties:
      AssumeRolePolicyDocument:
        Version: '2012-10-17'
        Statement:
          - Effect: Allow
            Principal:
              Service: ec2.amazonaws.com
            Action: sts:AssumeRole
      ManagedPolicyArns: []  # FIX: empty list detaches/removes any attached AWS-managed admin policy (e.g., AdministratorAccess)
```";"```hcl
# Replace full admin attachment with a non-admin policy (ensure AdministratorAccess is not attached)
resource ""aws_iam_role_policy_attachment"" ""<example_resource_name>"" {
  role       = ""<example_resource_name>""
  policy_arn = ""arn:aws:iam::aws:policy/ReadOnlyAccess""  # FIX: avoids '*:*' admin privileges; replace AdministratorAccess
}
```";;"1. In the AWS Console, go to IAM > Policies
2. Search for the flagged AWS-managed policy (e.g., AdministratorAccess) and open it
3. Click Attached entities
4. Select all Users, Groups, and Roles shown and click Detach
5. Confirm the policy shows 0 attached entities
6. Rerun the check to verify it passes";ASD-Essential-Eight-Nov 2023: E8-4.4 | CIS-4.0.1: 1.16 | FedRAMP-Low-Revision-4: ac-2, ac-3 | SecNumCloud-3.2: 9.1 | FedRamp-Moderate-Revision-4: ac-2-1, ac-2-f, ac-2-j, ac-3, ac-5-c, ac-6-10, ac-6, sc-2 | SOC2: cc_1_3, cc_6_3 | NIST-800-53-Revision-5: ac_2_1, ac_2_6, ac_2_i_2, ac_3, ac_3_3, ac_3_3_a, ac_3_3_b_1, ac_3_3_b_2, ac_3_3_b_3, ac_3_3_b_4, ac_3_3_b_5, ac_3_3_c, ac_3_4, ac_3_4_a, ac_3_4_b, ac_3_4_c, ac_3_4_d, ac_3_4_e, ac_3_7, ac_3_8, ac_3_12_a, ac_3_13, ac_3_15_a, ac_3_15_b, ac_4_28, ac_5_b, ac_6, ac_6_2, ac_6_3, ac_6_10, ac_24, cm_5_1_a, cm_6_a, cm_9_b, mp_2, sc_23_3, sc_25 | FFIEC: d3-pc-am-b-1, d3-pc-am-b-16, d3-pc-am-b-2, d3-pc-am-b-3, d3-pc-am-b-6, d3-pc-im-b-7 | CIS-6.0: 2.15 | CIS-3.0: 1.16 | NIST-800-171-Revision-2: 3_1_1, 3_1_2, 3_1_4, 3_1_5, 3_1_6, 3_1_7, 3_4_6, 3_13_3 | AWS-Well-Architected-Framework-Security-Pillar: SEC03-BP02 | ISO27001-2022: A.5.18, A.8.2 | NIST-CSF-1.1: ac_1, ac_4, pt_3 | RBI-Cyber-Security-Framework: annex_i_7_1 | CCC-v2025.10: CCC.Core.CN05.AR02, CCC.IAM.CN01.AR01, CCC.IAM.CN01.AR02, CCC.IAM.CN02.AR01, CCC.IAM.CN02.AR02, CCC.IAM.CN04.AR01 | CIS-1.5: 1.16 | CIS-7.0: 2.14 | KISA-ISMS-P-2023: 2.5.1, 2.5.5, 2.5.6, 2.10.2 | ENS-RD2022: op.acc.4.aws.iam.1, op.acc.4.aws.iam.2, op.acc.4.aws.iam.9, op.exp.8.r4.aws.ct.8 | GxP-21-CFR-Part-11: 11.10-d, 11.10-g | CIS-5.0: 1.15 | FedRAMP-20x-KSI-Low-25.05C: ksi-iam | NIST-CSF-2.0: rr_1, rr_2, po_1, ac_1 | NIST-800-53-Revision-4: ac_2, ac_3, ac_5, ac_6, sc_2 | MITRE-ATTACK: T1078, T1648, T1098, T1578, T1550, T1040, T1580, T1538, T1619, T1201 | CIS-1.4: 1.16 | CISA: your-systems-3, your-surroundings-3 | C5-2025: OIS-04.03B, OIS-04.01AC, SP-01.04B, HR-01.01B, IAM-01.01B, IAM-01.04B | CIS-2.0: 1.16 | GDPR: article_25 | AWS-Foundational-Security-Best-Practices: IAM.1 | ProwlerThreatScore-1.0: 1.3.1 | HIPAA: 164_308_a_1_ii_b, 164_308_a_3_i, 164_308_a_3_ii_b, 164_308_a_4_i, 164_308_a_4_ii_b, 164_308_a_4_ii_c, 164_312_a_1 | KISA-ISMS-P-2023-korean: 2.5.1, 2.5.5, 2.5.6, 2.10.2 | AWS-AI-Security-Framework-1.0: AISF-IAM-02;identity-access;;;CAF Security Epic: IAM;5.40.0;https://docs.aws.amazon.com/aws-managed-policy/latest/reference/AdministratorAccess.html | https://support.icompaas.com/support/solutions/articles/62000233815-ensure-iam-roles-do-not-have-administratoraccess-policy-attached | http://docs.aws.amazon.com/IAM/latest/UserGuide/best-practices.html;;
profile: None;2026-09-02 05:33:48.082860;010603499647;;;;;;prowler-aws-iam_aws_attached_policy_no_administrative_privileges-010603499647-eu-north-1-AWS_ConfigRole;aws;iam_aws_attached_policy_no_administrative_privileges;Attached AWS-managed IAM policy does not allow '*:*' administrative privileges;Software and Configuration Checks/AWS Security Best Practices | Software and Configuration Checks/Industry and Regulatory Standards/AWS Foundational Security Best Practices | Software and Configuration Checks/Industry and Regulatory Standards/CIS AWS Foundations Benchmark | TTPs/Privilege Escalation;PASS;AWS policy AWS_ConfigRole is attached but does not allow '*:*' administrative privileges.;False;iam;;critical;AwsIamPolicy;arn:aws:iam::aws:policy/service-role/AWS_ConfigRole;AWS_ConfigRole;;;aws;eu-north-1;**IAM AWS-managed policies** attached to identities are inspected for statements that allow `Action:'*'` on `Resource:'*'`-i.e., full administrative `*:*` permissions;"**Unrestricted `*:*` access** enables any action on any resource, risking:
- Data exfiltration (**confidentiality**)
- Unauthorized changes and policy tampering (**integrity**)
- Service deletion or shutdown (**availability**)
Attackers can disable logging, create backdoor principals, and expand lateral movement.";;"Apply **least privilege**: avoid attaching AWS-managed policies that grant `*:*`.
- Use **customer-managed, scoped policies** per role
- Enforce **separation of duties** and **permissions boundaries**
- Prefer **temporary, time-bound elevation** for emergencies with MFA
- Regularly review access and use conditions to constrain context";https://hub.prowler.com/check/iam_aws_attached_policy_no_administrative_privileges;"```yaml
# CloudFormation: ensure no AWS-managed admin policy ('*:*') is attached
Resources:
  <example_resource_name>:
    Type: AWS::IAM::Role
    Properties:
      AssumeRolePolicyDocument:
        Version: '2012-10-17'
        Statement:
          - Effect: Allow
            Principal:
              Service: ec2.amazonaws.com
            Action: sts:AssumeRole
      ManagedPolicyArns: []  # FIX: empty list detaches/removes any attached AWS-managed admin policy (e.g., AdministratorAccess)
```";"```hcl
# Replace full admin attachment with a non-admin policy (ensure AdministratorAccess is not attached)
resource ""aws_iam_role_policy_attachment"" ""<example_resource_name>"" {
  role       = ""<example_resource_name>""
  policy_arn = ""arn:aws:iam::aws:policy/ReadOnlyAccess""  # FIX: avoids '*:*' admin privileges; replace AdministratorAccess
}
```";;"1. In the AWS Console, go to IAM > Policies
2. Search for the flagged AWS-managed policy (e.g., AdministratorAccess) and open it
3. Click Attached entities
4. Select all Users, Groups, and Roles shown and click Detach
5. Confirm the policy shows 0 attached entities
6. Rerun the check to verify it passes";ASD-Essential-Eight-Nov 2023: E8-4.4 | CIS-4.0.1: 1.16 | FedRAMP-Low-Revision-4: ac-2, ac-3 | SecNumCloud-3.2: 9.1 | FedRamp-Moderate-Revision-4: ac-2-1, ac-2-f, ac-2-j, ac-3, ac-5-c, ac-6-10, ac-6, sc-2 | SOC2: cc_1_3, cc_6_3 | NIST-800-53-Revision-5: ac_2_1, ac_2_6, ac_2_i_2, ac_3, ac_3_3, ac_3_3_a, ac_3_3_b_1, ac_3_3_b_2, ac_3_3_b_3, ac_3_3_b_4, ac_3_3_b_5, ac_3_3_c, ac_3_4, ac_3_4_a, ac_3_4_b, ac_3_4_c, ac_3_4_d, ac_3_4_e, ac_3_7, ac_3_8, ac_3_12_a, ac_3_13, ac_3_15_a, ac_3_15_b, ac_4_28, ac_5_b, ac_6, ac_6_2, ac_6_3, ac_6_10, ac_24, cm_5_1_a, cm_6_a, cm_9_b, mp_2, sc_23_3, sc_25 | FFIEC: d3-pc-am-b-1, d3-pc-am-b-16, d3-pc-am-b-2, d3-pc-am-b-3, d3-pc-am-b-6, d3-pc-im-b-7 | CIS-6.0: 2.15 | CIS-3.0: 1.16 | NIST-800-171-Revision-2: 3_1_1, 3_1_2, 3_1_4, 3_1_5, 3_1_6, 3_1_7, 3_4_6, 3_13_3 | AWS-Well-Architected-Framework-Security-Pillar: SEC03-BP02 | ISO27001-2022: A.5.18, A.8.2 | NIST-CSF-1.1: ac_1, ac_4, pt_3 | RBI-Cyber-Security-Framework: annex_i_7_1 | CCC-v2025.10: CCC.Core.CN05.AR02, CCC.IAM.CN01.AR01, CCC.IAM.CN01.AR02, CCC.IAM.CN02.AR01, CCC.IAM.CN02.AR02, CCC.IAM.CN04.AR01 | CIS-1.5: 1.16 | CIS-7.0: 2.14 | KISA-ISMS-P-2023: 2.5.1, 2.5.5, 2.5.6, 2.10.2 | ENS-RD2022: op.acc.4.aws.iam.1, op.acc.4.aws.iam.2, op.acc.4.aws.iam.9, op.exp.8.r4.aws.ct.8 | GxP-21-CFR-Part-11: 11.10-d, 11.10-g | CIS-5.0: 1.15 | FedRAMP-20x-KSI-Low-25.05C: ksi-iam | NIST-CSF-2.0: rr_1, rr_2, po_1, ac_1 | NIST-800-53-Revision-4: ac_2, ac_3, ac_5, ac_6, sc_2 | MITRE-ATTACK: T1078, T1648, T1098, T1578, T1550, T1040, T1580, T1538, T1619, T1201 | CIS-1.4: 1.16 | CISA: your-systems-3, your-surroundings-3 | C5-2025: OIS-04.03B, OIS-04.01AC, SP-01.04B, HR-01.01B, IAM-01.01B, IAM-01.04B | CIS-2.0: 1.16 | GDPR: article_25 | AWS-Foundational-Security-Best-Practices: IAM.1 | ProwlerThreatScore-1.0: 1.3.1 | HIPAA: 164_308_a_1_ii_b, 164_308_a_3_i, 164_308_a_3_ii_b, 164_308_a_4_i, 164_308_a_4_ii_b, 164_308_a_4_ii_c, 164_312_a_1 | KISA-ISMS-P-2023-korean: 2.5.1, 2.5.5, 2.5.6, 2.10.2 | AWS-AI-Security-Framework-1.0: AISF-IAM-02;identity-access;;;CAF Security Epic: IAM;5.40.0;https://docs.aws.amazon.com/aws-managed-policy/latest/reference/AdministratorAccess.html | https://support.icompaas.com/support/solutions/articles/62000233815-ensure-iam-roles-do-not-have-administratoraccess-policy-attached | http://docs.aws.amazon.com/IAM/latest/UserGuide/best-practices.html;;
profile: None;2026-09-02 05:33:48.082860;010603499647;;;;;;prowler-aws-iam_check_saml_providers_sts-010603499647-eu-north-1-010603499647;aws;iam_check_saml_providers_sts;IAM SAML provider exists in the account;Software and Configuration Checks/AWS Security Best Practices;FAIL;No SAML Providers found.;False;iam;;low;Other;arn:aws:iam::010603499647:root;010603499647;;;aws;eu-north-1;"**IAM SAML providers** enable **federated role assumption** via STS `AssumeRoleWithSAML`.

This evaluates whether such providers exist in the account.";Without **SAML federation**, users rely on **long-lived IAM keys**. Compromised keys enable persistent API access, causing **data exfiltration (C)**, unauthorized resource or policy changes (**I**), and difficult revocation. Lack of IdP controls (e.g., **MFA**, session limits) weakens **accountability** and access governance.;;Adopt **SAML federation** to issue **short-lived STS credentials**. Map users to roles with **least privilege**, enforce **MFA** at the IdP, and set conservative session durations. Retire IAM user access keys for interactive use and monitor role sessions as **defense in depth**. *If federation isn't possible*, tightly scope, rotate, and audit keys.;https://hub.prowler.com/check/iam_check_saml_providers_sts;"```yaml
# CloudFormation: create an IAM SAML provider to satisfy the check
Resources:
  <example_resource_name>:
    Type: AWS::IAM::SAMLProvider
    Properties:
      SamlMetadataDocument: ""<SAML_METADATA_XML_CONTENT>""  # Critical: creates the SAML provider so the check passes
      Name: <example_resource_name>
```";"```hcl
# Create an IAM SAML provider to satisfy the check
resource ""aws_iam_saml_provider"" ""<example_resource_name>"" {
  name                   = ""<example_resource_name>""
  saml_metadata_document = file(""<SAML_METADATA_XML_FILE>"") # Critical: creates the SAML provider so the check passes
}
```";aws iam create-saml-provider --name <SAML_PROVIDER_NAME> --saml-metadata-document file://<SAML_METADATA_XML_FILE>;"1. In the AWS console, go to IAM
2. In the left menu, select Identity providers
3. Click Add provider
4. Set Provider type to SAML
5. Upload the SAML metadata XML and enter a Provider name
6. Click Add provider";CIS-4.0.1: 1.21 | CIS-6.0: 2.20 | CIS-3.0: 1.21 | CCC-v2025.10: CCC.Core.CN05.AR06, CCC.IAM.CN09.AR01 | CIS-1.5: 1.21 | CIS-7.0: 2.19 | KISA-ISMS-P-2023: 2.5.3, 2.10.2 | ENS-RD2022: op.acc.1.aws.iam.2 | CIS-5.0: 1.20 | NIST-CSF-2.0: ac_7 | CIS-1.4: 1.21 | CIS-2.0: 1.21 | ProwlerThreatScore-1.0: 1.2.7 | KISA-ISMS-P-2023-korean: 2.5.3, 2.10.2;identity-access;;;;5.40.0;https://docs.aws.amazon.com/STS/latest/APIReference/API_AssumeRoleWithSAML.html;;
profile: None;2026-09-02 05:33:48.082860;010603499647;;;;;;prowler-aws-iam_group_administrator_access_policy-010603499647-eu-north-1-cloud-security-admins;aws;iam_group_administrator_access_policy;IAM group does not have AdministratorAccess policy attached;Software and Configuration Checks/AWS Security Best Practices | Software and Configuration Checks/Industry and Regulatory Standards/AWS Foundational Security Best Practices | TTPs/Privilege Escalation;PASS;IAM Group cloud-security-admins does not have AdministratorAccess policy.;False;iam;;high;AwsIamGroup;arn:aws:iam::010603499647:group/cloud-security-admins;cloud-security-admins;;;aws;eu-north-1;"**IAM groups** are assessed for the AWS-managed `AdministratorAccess` policy attachment.

The finding reports any group that has this policy among its attached permissions.";"Group-wide `AdministratorAccess` gives all members unrestricted control. A stolen or misused account can:
- Read/exfiltrate sensitive data (C)
- Modify or delete resources and configs (I/A)
- Disable logging and weaken defenses, enabling persistence and lateral movement";;"Remove `AdministratorAccess` from groups. Apply **least privilege** with task-scoped, customer-managed policies and **separation of duties**. Use roles for admin tasks with MFA, time-bound elevation, and auditing. Regularly review group membership and permissions; prefer **defense-in-depth** guardrails.";https://hub.prowler.com/check/iam_group_administrator_access_policy;"```yaml
# CloudFormation: IAM group without AdministratorAccess attached
Resources:
  <example_resource_name>:
    Type: AWS::IAM::Group
    Properties:
      GroupName: <example_resource_name>
      ManagedPolicyArns: []  # Critical: empty list ensures AdministratorAccess is NOT attached to the group
```";"```hcl
# IAM group with no AdministratorAccess attachment
resource ""aws_iam_group"" ""<example_resource_name>"" {
  name = ""<example_resource_name>""
  # Critical: do NOT create any aws_iam_group_policy_attachment with
  # policy_arn = ""arn:aws:iam::aws:policy/AdministratorAccess"" for this group
}
```";aws iam detach-group-policy --group-name <groupname> --policy-arn arn:aws:iam::aws:policy/AdministratorAccess;"1. In the AWS Console, go to IAM > User groups
2. Select the target group (<groupname>)
3. Open the Permissions tab > Attached policies
4. Select the policy AdministratorAccess and click Detach
5. Confirm to remove the policy";SecNumCloud-3.2: 9.3 | CCC-v2025.10: CCC.Core.CN05.AR01, CCC.Core.CN05.AR02 | KISA-ISMS-P-2023: 2.5.1, 2.5.5, 2.5.6, 2.10.2 | NIST-CSF-2.0: rr_1, rr_2, po_1, am_6, ac_1, ac_4, ac_6 | C5-2025: SP-01.04B, HR-01.01B, IAM-01.01B, IAM-01.04B, IAM-10.01B | KISA-ISMS-P-2023-korean: 2.5.1, 2.5.5, 2.5.6, 2.10.2 | AWS-AI-Security-Framework-1.0: AISF-IAM-02;identity-access;;;;5.40.0;https://docs.aws.amazon.com/IAM/latest/UserGuide/id_groups_manage.html | https://www.trendmicro.com/trendaivisiononecloudriskmanagement/knowledge-base/aws/IAM/group-with-privileged-access.html | https://support.icompaas.com/support/solutions/articles/62000233798-ensure-no-iam-groups-have-administrator-access-policy | https://docs.aws.amazon.com/IAM/latest/UserGuide/best-practices.html;;
profile: None;2026-09-02 05:33:48.082860;010603499647;;;;;;prowler-aws-iam_group_administrator_access_policy-010603499647-eu-north-1-cloud-security-admins1;aws;iam_group_administrator_access_policy;IAM group does not have AdministratorAccess policy attached;Software and Configuration Checks/AWS Security Best Practices | Software and Configuration Checks/Industry and Regulatory Standards/AWS Foundational Security Best Practices | TTPs/Privilege Escalation;FAIL;IAM Group cloud-security-admins1 has AdministratorAccess policy attached.;False;iam;;high;AwsIamGroup;arn:aws:iam::010603499647:group/cloud-security-admins1;cloud-security-admins1;;;aws;eu-north-1;"**IAM groups** are assessed for the AWS-managed `AdministratorAccess` policy attachment.

The finding reports any group that has this policy among its attached permissions.";"Group-wide `AdministratorAccess` gives all members unrestricted control. A stolen or misused account can:
- Read/exfiltrate sensitive data (C)
- Modify or delete resources and configs (I/A)
- Disable logging and weaken defenses, enabling persistence and lateral movement";;"Remove `AdministratorAccess` from groups. Apply **least privilege** with task-scoped, customer-managed policies and **separation of duties**. Use roles for admin tasks with MFA, time-bound elevation, and auditing. Regularly review group membership and permissions; prefer **defense-in-depth** guardrails.";https://hub.prowler.com/check/iam_group_administrator_access_policy;"```yaml
# CloudFormation: IAM group without AdministratorAccess attached
Resources:
  <example_resource_name>:
    Type: AWS::IAM::Group
    Properties:
      GroupName: <example_resource_name>
      ManagedPolicyArns: []  # Critical: empty list ensures AdministratorAccess is NOT attached to the group
```";"```hcl
# IAM group with no AdministratorAccess attachment
resource ""aws_iam_group"" ""<example_resource_name>"" {
  name = ""<example_resource_name>""
  # Critical: do NOT create any aws_iam_group_policy_attachment with
  # policy_arn = ""arn:aws:iam::aws:policy/AdministratorAccess"" for this group
}
```";aws iam detach-group-policy --group-name <groupname> --policy-arn arn:aws:iam::aws:policy/AdministratorAccess;"1. In the AWS Console, go to IAM > User groups
2. Select the target group (<groupname>)
3. Open the Permissions tab > Attached policies
4. Select the policy AdministratorAccess and click Detach
5. Confirm to remove the policy";SecNumCloud-3.2: 9.3 | CCC-v2025.10: CCC.Core.CN05.AR01, CCC.Core.CN05.AR02 | KISA-ISMS-P-2023: 2.5.1, 2.5.5, 2.5.6, 2.10.2 | NIST-CSF-2.0: rr_1, rr_2, po_1, am_6, ac_1, ac_4, ac_6 | C5-2025: SP-01.04B, HR-01.01B, IAM-01.01B, IAM-01.04B, IAM-10.01B | KISA-ISMS-P-2023-korean: 2.5.1, 2.5.5, 2.5.6, 2.10.2 | AWS-AI-Security-Framework-1.0: AISF-IAM-02;identity-access;;;;5.40.0;https://docs.aws.amazon.com/IAM/latest/UserGuide/id_groups_manage.html | https://www.trendmicro.com/trendaivisiononecloudriskmanagement/knowledge-base/aws/IAM/group-with-privileged-access.html | https://support.icompaas.com/support/solutions/articles/62000233798-ensure-no-iam-groups-have-administrator-access-policy | https://docs.aws.amazon.com/IAM/latest/UserGuide/best-practices.html;;
profile: None;2026-09-02 05:33:48.082860;010603499647;;;;;;prowler-aws-iam_inline_policy_allows_privilege_escalation-010603499647-eu-north-1-cloud-security-autoremediation-remediation-lambda/cloud-security-autoremediation-remediation-policy;aws;iam_inline_policy_allows_privilege_escalation;IAM inline policy does not allow privilege escalation;Software and Configuration Checks/AWS Security Best Practices | Software and Configuration Checks/Industry and Regulatory Standards/AWS Foundational Security Best Practices | TTPs/Privilege Escalation;PASS;Inline policy cloud-security-autoremediation-remediation-policy attached to role cloud-security-autoremediation-remediation-lambda does not allow privilege escalation.;False;iam;;high;AwsIamPolicy;arn:aws:iam::010603499647:role/cloud-security-autoremediation-remediation-lambda;cloud-security-autoremediation-remediation-lambda/cloud-security-autoremediation-remediation-policy;;;aws;eu-north-1;**IAM inline policies** are evaluated for permission combinations that enable **privilege escalation**, such as `sts:AssumeRole`, `iam:PassRole`, attaching/editing policies, or broad wildcards. The result highlights inline policies that allow a principal to obtain higher effective access.;"Excessive inline policy permissions let identities escalate to admin, compromising CIA:
- Confidentiality: read secrets and data
- Integrity: alter policies, code, and configs
- Availability: delete or stop resources, disable logging
Attackers can persist by creating keys/users or assuming powerful roles.";;"Apply **least privilege** and remove escalation paths:
- Avoid wildcards and sensitive actions like `sts:AssumeRole`, `iam:PassRole`, or policy modification without tight scope
- Restrict by resource and `Condition`
- Prefer managed, versioned policies; use permissions boundaries/SCPs
- Require reviews and MFA for admins";https://hub.prowler.com/check/iam_inline_policy_allows_privilege_escalation;"```yaml
# CloudFormation: Replace the risky inline policy with least-privilege actions
Resources:
  <example_resource_name>:
    Type: AWS::IAM::UserPolicy
    Properties:
      UserName: <example_resource_name>
      PolicyName: <example_resource_name>
      PolicyDocument:
        Version: '2012-10-17'
        Statement:
          - Effect: Allow
            Action: ec2:DescribeInstances  # FIX: allow only non-privilege-escalation action; remove IAM/STS privilege-escalation actions
            Resource: ""*""                  # FIX: no risky wildcard admin actions; this read-only action is safe
```";"```hcl
# Terraform: Replace the risky inline policy with least-privilege actions
resource ""aws_iam_user_policy"" ""<example_resource_name>"" {
  name = ""<example_resource_name>""
  user = ""<example_resource_name>""

  policy = jsonencode({
    Version = ""2012-10-17""
    Statement = [{
      Effect   = ""Allow""
      Action   = ""ec2:DescribeInstances""  # FIX: only non-privilege-escalation action; remove IAM/STS escalation actions
      Resource = ""*""                       # FIX: safe read-only scope
    }]
  })
}
```";;"1. In the AWS Console, go to IAM > Users/Roles/Groups and select the entity with the failing inline policy
2. In the Permissions tab, under Inline policies, choose the flagged policy and click Edit
3. Remove privilege-escalation actions (e.g., iam:CreatePolicyVersion, iam:AttachUserPolicy, iam:PassRole, sts:AssumeRole, iam:UpdateAssumeRolePolicy)
4. Keep only the minimum required, non-escalating permissions (for example, read-only actions)
5. Save changes";ASD-Essential-Eight-Nov 2023: E8-4.4 | SecNumCloud-3.2: 9.3 | SOC2: cc_3_3 | CCC-v2025.10: CCC.Core.CN05.AR02, CCC.IAM.CN02.AR01, CCC.IAM.CN02.AR02 | KISA-ISMS-P-2023: 2.5.1, 2.5.5, 2.5.6, 2.10.2 | NIST-CSF-2.0: rr_1, rr_2, po_1, ra_1, ac_1, ac_4, ac_6, ac_7, ip_1 | C5-2025: SP-01.04B, AM-09.04AC | ProwlerThreatScore-1.0: 1.3.3 | KISA-ISMS-P-2023-korean: 2.5.1, 2.5.5, 2.5.6, 2.10.2 | AWS-AI-Security-Framework-1.0: AISF-IAM-02;identity-access | privilege-escalation;;;;5.40.0;https://docs.aws.amazon.com/IAM/latest/UserGuide/best-practices.html#grant-least-privilege | https://bishopfox.com/blog/privilege-escalation-in-aws | https://github.com/RhinoSecurityLabs/Security-Research/blob/master/tools/aws-pentest-tools/aws_escalate.py | https://rhinosecuritylabs.com/aws/aws-privilege-escalation-methods-mitigation/ | https://labs.reversec.com/posts/2025/08/another-ecs-privilege-escalation-path;;
profile: None;2026-09-02 05:33:48.082860;010603499647;;;;;;prowler-aws-iam_inline_policy_no_administrative_privileges-010603499647-eu-north-1-cloud-security-autoremediation-remediation-lambda/cloud-security-autoremediation-remediation-policy;aws;iam_inline_policy_no_administrative_privileges;Inline IAM policy does not allow '*:*' administrative privileges;Software and Configuration Checks/AWS Security Best Practices | Software and Configuration Checks/Industry and Regulatory Standards/AWS Foundational Security Best Practices | Software and Configuration Checks/Industry and Regulatory Standards/CIS AWS Foundations Benchmark | TTPs/Privilege Escalation;PASS;Inline policy cloud-security-autoremediation-remediation-policy attached to role cloud-security-autoremediation-remediation-lambda does not allow '*:*' administrative privileges.;False;iam;;critical;AwsIamPolicy;arn:aws:iam::010603499647:role/cloud-security-autoremediation-remediation-lambda;cloud-security-autoremediation-remediation-lambda/cloud-security-autoremediation-remediation-policy;;;aws;eu-north-1;"**IAM inline policies** on identities are evaluated for statements allowing `Action:""*""` on `Resource:""*""`, which indicates **unrestricted administrative access**.";Granting `*:*` to an identity collapses **least privilege**, enabling total control over AWS. A compromised principal can exfiltrate data (**confidentiality**), alter configs or disable logging (**integrity**), and delete resources or keys (**availability**), enabling rapid **lateral movement** and persistent takeover.;;"Remove `Action:""*""` with `Resource:""*""` from inline policies. Apply **least privilege** with granular actions scoped to specific resources and conditions. Prefer versioned customer-managed policies over broad inline ones, enforce **separation of duties**, and use **permissions boundaries** or guardrails to prevent accidental admin grants.";https://hub.prowler.com/check/iam_inline_policy_no_administrative_privileges;"```yaml
# CloudFormation: Inline policy without '*:*' privileges
Resources:
  <example_resource_name>Policy:
    Type: AWS::IAM::Policy
    Properties:
      PolicyName: leastpriv
      PolicyDocument:
        Version: '2012-10-17'
        Statement:
          - Effect: Allow
            Action: s3:ListBucket        # Critical: specific action, not ""*""
            Resource: arn:aws:s3:::<example_resource_name>  # Critical: specific resource, not ""*""
      Roles:
        - <example_resource_name>
```";"```hcl
# Terraform: Inline role policy without '*:*' privileges
resource ""aws_iam_role_policy"" ""<example_resource_name>"" {
  name = ""leastpriv""
  role = ""<example_resource_name>""

  policy = jsonencode({
    Version = ""2012-10-17""
    Statement = [{
      Effect   = ""Allow""
      Action   = ""s3:ListBucket""                   # Critical: specific action, not ""*""
      Resource = ""arn:aws:s3:::<example_resource_name>""  # Critical: specific resource, not ""*""
    }]
  })
}
```";;"1. In the AWS Console, open IAM
2. Go to Users, Roles, or Groups (whichever has the inline policy)
3. Select the entity, then open the Inline policies section
4. Edit the inline policy JSON and remove any statement with ""Effect"": ""Allow"" and both ""Action"": ""*"" and ""Resource"": ""*""
5. Replace it with only the specific actions and specific resource ARNs required
6. Save changes";ASD-Essential-Eight-Nov 2023: E8-4.4 | FedRAMP-Low-Revision-4: ac-2, ac-3 | SecNumCloud-3.2: 9.1 | FedRamp-Moderate-Revision-4: ac-2-1, ac-2-f, ac-2-j, ac-3, ac-5-c, ac-6-10, ac-6, sc-2 | SOC2: cc_1_3, cc_6_3 | NIST-800-53-Revision-5: ac_2_1, ac_2_6, ac_2_i_2, ac_3, ac_3_3, ac_3_3_a, ac_3_3_b_1, ac_3_3_b_2, ac_3_3_b_3, ac_3_3_b_4, ac_3_3_b_5, ac_3_3_c, ac_3_4, ac_3_4_a, ac_3_4_b, ac_3_4_c, ac_3_4_d, ac_3_4_e, ac_3_7, ac_3_8, ac_3_12_a, ac_3_13, ac_3_15_a, ac_3_15_b, ac_4_28, ac_5_b, ac_6, ac_6_2, ac_6_3, ac_6_10, ac_24, cm_5_1_a, cm_6_a, cm_9_b, mp_2, sc_23_3, sc_25 | FFIEC: d3-pc-am-b-1, d3-pc-am-b-16, d3-pc-am-b-2, d3-pc-am-b-3, d3-pc-am-b-6, d3-pc-im-b-7 | NIST-800-171-Revision-2: 3_1_1, 3_1_2, 3_1_4, 3_1_5, 3_1_6, 3_1_7, 3_4_6, 3_13_3 | AWS-Well-Architected-Framework-Security-Pillar: SEC03-BP02 | ISO27001-2022: A.5.18, A.8.2 | NIST-CSF-1.1: ac_1, ac_4, pt_3 | RBI-Cyber-Security-Framework: annex_i_7_1 | CCC-v2025.10: CCC.RDMS.CN04.AR01, CCC.IAM.CN01.AR01, CCC.IAM.CN01.AR02, CCC.IAM.CN04.AR01 | KISA-ISMS-P-2023: 2.5.1, 2.5.5, 2.5.6, 2.10.2 | ENS-RD2022: op.acc.4.aws.iam.1, op.acc.4.aws.iam.2, op.acc.4.aws.iam.9, op.exp.8.r4.aws.ct.8 | GxP-21-CFR-Part-11: 11.10-d, 11.10-g | FedRAMP-20x-KSI-Low-25.05C: ksi-iam | NIST-CSF-2.0: rr_1, rr_2, po_1 | NIST-800-53-Revision-4: ac_2, ac_3, ac_5, ac_6, sc_2 | MITRE-ATTACK: T1078, T1648, T1098, T1578, T1550, T1040, T1580, T1538, T1619, T1201 | NIS2: 6.7.2.e, 11.3.2.c, 11.4.2.b | CISA: your-systems-3, your-surroundings-3 | C5-2025: OIS-04.01AC, SP-01.04B, HR-01.01B, IAM-01.01B, IAM-01.04B | GDPR: article_25 | AWS-Foundational-Security-Best-Practices: IAM.1 | HIPAA: 164_308_a_1_ii_b, 164_308_a_3_i, 164_308_a_3_ii_b, 164_308_a_4_i, 164_308_a_4_ii_b, 164_308_a_4_ii_c, 164_312_a_1 | KISA-ISMS-P-2023-korean: 2.5.1, 2.5.5, 2.5.6, 2.10.2 | AWS-AI-Security-Framework-1.0: AISF-IAM-02;identity-access;;;CAF Security Epic: IAM;5.40.0;http://docs.aws.amazon.com/IAM/latest/UserGuide/best-practices.html | https://support.icompaas.com/support/solutions/articles/62000233799-ensure-iam-inline-policies-that-allow-full-administrative-privileges-are-not-associated-to-iam-id;;
profile: None;2026-09-02 05:33:48.082860;010603499647;;;;;;prowler-aws-iam_inline_policy_no_full_access_to_cloudtrail-010603499647-eu-north-1-cloud-security-autoremediation-remediation-lambda/cloud-security-autoremediation-remediation-policy;aws;iam_inline_policy_no_full_access_to_cloudtrail;Inline IAM policy does not allow 'cloudtrail:*' privileges;Software and Configuration Checks/AWS Security Best Practices | Software and Configuration Checks/Industry and Regulatory Standards/CIS AWS Foundations Benchmark | TTPs/Defense Evasion;PASS;Inline policy cloud-security-autoremediation-remediation-policy attached to role cloud-security-autoremediation-remediation-lambda does not allow 'cloudtrail:*' privileges.;False;iam;;high;AwsIamPolicy;arn:aws:iam::010603499647:role/cloud-security-autoremediation-remediation-lambda;cloud-security-autoremediation-remediation-lambda/cloud-security-autoremediation-remediation-policy;;;aws;eu-north-1;"**IAM inline policies** are evaluated for statements that grant **full CloudTrail permissions** (`cloudtrail:*`) to all resources.

The finding flags identity policies that provide unrestricted control over CloudTrail operations.";Full CloudTrail access allows stopping trails, modifying configurations, or deleting audit data, compromising log **integrity** and **availability**. It also exposes event data, impacting **confidentiality**. Adversaries could hide activity, evade detection, and obstruct investigations.;;"Enforce **least privilege** and **separation of duties**: avoid `cloudtrail:*`; grant only specific actions needed (prefer read-only where possible). Add guardrails or boundaries to block destructive actions. Use managed, centrally governed policies and periodically right-size permissions based on usage.";https://hub.prowler.com/check/iam_inline_policy_no_full_access_to_cloudtrail;"```yaml
# CloudFormation: restrict CloudTrail permissions in inline policy
Resources:
  <example_resource_name>InlinePolicy:
    Type: AWS::IAM::Policy
    Properties:
      PolicyName: <example_resource_name>-policy
      PolicyDocument:
        Version: '2012-10-17'
        Statement:
          - Effect: Allow
            Action:
              - cloudtrail:DescribeTrails  # Critical: use specific action(s) instead of 'cloudtrail:*' to avoid full service access
            Resource: ""*""
      Roles:
        - <example_resource_name>
```";"```hcl
resource ""aws_iam_role_policy"" ""<example_resource_name>"" {
  name = ""<example_resource_name>-policy""
  role = ""<example_resource_name>""

  policy = jsonencode({
    Version = ""2012-10-17""
    Statement = [{
      Effect   = ""Allow""
      Action   = [""cloudtrail:DescribeTrails""] # Critical: replace 'cloudtrail:*' with specific action(s) to remove full service access
      Resource = ""*""
    }]
  })
}
```";;"1. Open the IAM console and go to Users, Roles, or Groups
2. Select the entity with the failing inline policy
3. In Permissions, expand Inline policies and open the policy
4. Click Edit policy and switch to the JSON editor
5. Replace any ""Action"": ""cloudtrail:*"" with only required CloudTrail actions (e.g., ""cloudtrail:DescribeTrails""), or remove that statement if not needed
6. Save changes";ASD-Essential-Eight-Nov 2023: E8-4.4 | CCC-v2025.10: CCC.Core.CN05.AR01, CCC.Core.CN05.AR02, CCC.Core.CN05.AR04, CCC.IAM.CN04.AR01 | KISA-ISMS-P-2023: 2.5.1, 2.5.5, 2.5.6, 2.10.2 | NIST-CSF-2.0: po_1, ac_7 | C5-2025: IAM-10.01B, SIM-03.07B, COM-04.01AC | KISA-ISMS-P-2023-korean: 2.5.1, 2.5.5, 2.5.6, 2.10.2;identity-access;;;;5.40.0;http://docs.aws.amazon.com/IAM/latest/UserGuide/best-practices.html | https://support.icompaas.com/support/solutions/articles/62000233808-ensure-iam-policies-that-allow-full-cloudtrail-privileges-are-not-created;;
profile: None;2026-09-02 05:33:48.082860;010603499647;;;;;;prowler-aws-iam_inline_policy_no_full_access_to_kms-010603499647-eu-north-1-cloud-security-autoremediation-remediation-lambda/cloud-security-autoremediation-remediation-policy;aws;iam_inline_policy_no_full_access_to_kms;Inline IAM policy does not allow kms:* privileges;Software and Configuration Checks/AWS Security Best Practices | Software and Configuration Checks/Industry and Regulatory Standards/AWS Foundational Security Best Practices | TTPs/Privilege Escalation | Effects/Data Exposure;PASS;Inline policy cloud-security-autoremediation-remediation-policy attached to role cloud-security-autoremediation-remediation-lambda does not allow 'kms:*' privileges.;False;iam;;medium;AwsIamPolicy;arn:aws:iam::010603499647:role/cloud-security-autoremediation-remediation-lambda;cloud-security-autoremediation-remediation-lambda/cloud-security-autoremediation-remediation-policy;;;aws;eu-north-1;**IAM inline policies** are analyzed to identify statements that grant **unrestricted AWS KMS access** via the wildcard action `kms:*`.;"Granting `kms:*` enables decryption of protected data, modification of key policies and grants, and disabling or deleting keys.

Impacts:
- **Confidentiality** via unauthorized decryption
- **Integrity** through key/grant tampering
- **Availability** if keys are disabled or deleted, breaking encrypted workloads";;Replace `kms:*` with **least-privilege**, action-scoped permissions limited to required operations and specific key ARNs. Enforce **separation of duties** for key admins vs users. Prefer **managed policies** over inline and apply guardrails (permissions boundaries/SCPs). Add conditions to constrain service, region, and encryption context.;https://hub.prowler.com/check/iam_inline_policy_no_full_access_to_kms;"```yaml
# CloudFormation: Inline IAM policy without kms:* full access
Resources:
  <example_resource_name>:
    Type: AWS::IAM::User
    Properties:
      Policies:
        - PolicyName: <example_resource_name>-policy
          PolicyDocument:
            Version: '2012-10-17'
            Statement:
              - Effect: Allow
                Action:
                  - kms:Encrypt  # CRITICAL: replace 'kms:*' with only required KMS action(s) to remove full access
                Resource: ""*""
```";"```hcl
# Inline IAM policy without kms:* full access
resource ""aws_iam_user_policy"" ""<example_resource_name>"" {
  name = ""<example_resource_name>-policy""
  user = ""<example_resource_name>""

  policy = jsonencode({
    Version   = ""2012-10-17""
    Statement = [{
      Effect   = ""Allow""
      Action   = [
        ""kms:Encrypt"" # CRITICAL: replace 'kms:*' with specific action(s) to remove full access
      ]
      Resource = ""*""
    }]
  })
}
```";;"1. In the AWS Console, open IAM and go to Users, Roles, or Groups (where the inline policy is attached)
2. Select the entity, go to the Permissions tab, and open the inline policy that allows KMS
3. Click Edit policy and switch to the JSON editor
4. Replace any ""Action"": ""kms:*"" with only the specific KMS action(s) required (e.g., ""kms:Encrypt"")
5. Save changes";ASD-Essential-Eight-Nov 2023: E8-4.4 | CCC-v2025.10: CCC.Core.CN11.AR04, CCC.Core.CN05.AR01, CCC.Core.CN05.AR02, CCC.Core.CN05.AR04, CCC.ObjStor.CN01.AR01, CCC.ObjStor.CN01.AR02, CCC.ObjStor.CN01.AR03, CCC.ObjStor.CN01.AR04, CCC.KeyMgmt.CN02.AR01, CCC.IAM.CN04.AR01 | KISA-ISMS-P-2023: 2.5.1, 2.5.5, 2.5.6, 2.10.2 | PCI-4.0: 3.5.1.1.8, 3.5.1.3.16, 3.6.1.2.8, 3.6.1.3.8, 3.6.1.4.8, 3.6.1.8, 3.7.1.9, 3.7.2.8, 3.7.4.9, 3.7.6.8, 3.7.7.8, 4.2.1.1.21, 7.2.1.10, 7.2.2.10, 7.2.3.6, 7.2.5.6, 7.3.1.6, 7.3.2.6, 7.3.3.6, 8.2.7.6, 8.2.8.8, 8.3.4.6 | NIST-CSF-2.0: rr_1, po_1 | C5-2025: OIS-08.02B, IAM-10.01B, CRY-05.02B | KISA-ISMS-P-2023-korean: 2.5.1, 2.5.5, 2.5.6, 2.10.2;identity-access;;;;5.40.0;http://docs.aws.amazon.com/IAM/latest/UserGuide/best-practices.html | https://support.icompaas.com/support/solutions/articles/62000233801-ensure-iam-inline-policies-that-allow-full-kms-privileges-are-not-created;;
profile: None;2026-09-02 05:33:48.082860;010603499647;;;;;;prowler-aws-iam_inline_policy_no_wildcard_marketplace_subscribe-010603499647-eu-north-1-cloud-security-autoremediation-remediation-lambda/cloud-security-autoremediation-remediation-policy;aws;iam_inline_policy_no_wildcard_marketplace_subscribe;Inline IAM policy does not allow 'aws-marketplace:Subscribe' on all resources;Software and Configuration Checks/AWS Security Best Practices;PASS;Inline policy cloud-security-autoremediation-remediation-policy attached to role cloud-security-autoremediation-remediation-lambda does not allow 'aws-marketplace:Subscribe' on all resources.;False;iam;;medium;AwsIamPolicy;arn:aws:iam::010603499647:role/cloud-security-autoremediation-remediation-lambda;cloud-security-autoremediation-remediation-lambda/cloud-security-autoremediation-remediation-policy;;;aws;eu-north-1;**IAM inline policies** are analyzed to identify statements that grant `aws-marketplace:Subscribe` on all resources (`*`). This action controls the ability to subscribe to AWS Marketplace products, including **Amazon Bedrock foundation models**, and should be scoped to specific product ARNs to enforce least privilege.;Granting `aws-marketplace:Subscribe` on all resources via inline policies allows subscribing to any Marketplace product, including expensive Bedrock foundation models, leading to uncontrolled costs, shadow AI usage, and compliance violations.;;"Replace `Resource: ""*""` with specific, approved AWS Marketplace product ARNs. Prefer managed policies over inline and apply the principle of least privilege to `aws-marketplace:Subscribe` permissions to prevent unauthorized subscriptions to costly Bedrock models and other Marketplace products.";https://hub.prowler.com/check/iam_inline_policy_no_wildcard_marketplace_subscribe;"```yaml
Resources:
  ExampleRole:
    Type: AWS::IAM::Role
    Properties:
      Policies:
        - PolicyName: scoped-marketplace-subscribe
          PolicyDocument:
            Version: '2012-10-17'
            Statement:
              - Effect: Allow
                Action:
                  - aws-marketplace:Subscribe  # FIX: scope to specific product ARNs
                Resource:
                  - arn:aws:aws-marketplace::123456789012:product/approved-product-id
```";"```hcl
resource ""aws_iam_role_policy"" ""scoped_marketplace_subscribe"" {
  name = ""scoped-marketplace-subscribe""
  role = aws_iam_role.example.id

  policy = jsonencode({
    Version = ""2012-10-17""
    Statement = [{
      Effect   = ""Allow""
      Action   = [""aws-marketplace:Subscribe""]
      Resource = [""arn:aws:aws-marketplace::123456789012:product/approved-product-id""]  # FIX: scope to specific products
    }]
  })
}
```";;"1. In the AWS Console, open IAM and go to Users, Roles, or Groups where the inline policy is attached
2. Select the entity, go to the Permissions tab, and open the inline policy
3. Click Edit policy and switch to the JSON editor
4. Replace ""Resource"": ""*"" with specific, approved AWS Marketplace product ARNs
5. Save changes and re-run the check to confirm it passes";FedRamp-Moderate-Revision-4: ac-6 | SOC2: cc_6_3 | NIST-800-53-Revision-5: ac_6 | FFIEC: d3-pc-am-b-1 | NIST-800-171-Revision-2: 3_1_5 | AWS-Well-Architected-Framework-Security-Pillar: SEC03-BP02 | ISO27001-2022: A.5.18, A.8.2 | NIST-CSF-1.1: ac_4 | KISA-ISMS-P-2023: 2.5.5 | FedRAMP-20x-KSI-Low-25.05C: ksi-iam | NIST-CSF-2.0: ac_4 | NIST-800-53-Revision-4: ac_6 | CISA: your-surroundings-3 | C5-2025: IAM-01.01B, IAM-01.04B | HIPAA: 164_308_a_4_ii_b | KISA-ISMS-P-2023-korean: 2.5.5;gen-ai | identity-access;;iam_policy_no_wildcard_marketplace_subscribe;This check only evaluates IAM inline policies. See iam_policy_no_wildcard_marketplace_subscribe for the customer-managed policy variant.;5.40.0;https://docs.aws.amazon.com/bedrock/latest/userguide/security-iam.html | https://docs.aws.amazon.com/IAM/latest/UserGuide/best-practices.html#grant-least-privilege;;
profile: None;2026-09-02 05:33:48.082860;010603499647;;;;;;prowler-aws-iam_no_root_access_key-010603499647-eu-north-1-<root_account>;aws;iam_no_root_access_key;Root account has no active access keys;Software and Configuration Checks/AWS Security Best Practices | Software and Configuration Checks/Industry and Regulatory Standards/AWS Foundational Security Best Practices | Software and Configuration Checks/Industry and Regulatory Standards/CIS AWS Foundations Benchmark | TTPs/Credential Access;PASS;Root account does not have access keys.;False;iam;;critical;AwsIamAccessKey;arn:aws:iam::010603499647:root;<root_account>;;;aws;eu-north-1;**AWS root user** is evaluated for **active access keys**. It identifies whether the root identity has one or two programmatic credentials and notes when organization-level root credential management is present.;"**Root access keys** provide unrestricted API access. If exposed or misused, attackers can:
- Turn off logging and alter policies (**integrity**)
- Read or export data (**confidentiality**)
- Delete resources and lock out admins (**availability**)
Long-lived keys can persist and may bypass console-only MFA.";;Delete and prohibit **root access keys**. Use **IAM roles** and temporary credentials with **least privilege** for all automation. Enable **MFA on root**, limit root to break-glass use, and continuously monitor for any new root keys. *Where applicable*, apply organization-wide controls to enforce this.;https://hub.prowler.com/check/iam_no_root_access_key;;;;"1. Sign in to the AWS Management Console as the root user
2. Open My Security Credentials (account menu) or go to https://console.aws.amazon.com/iam/home?#/security_credentials
3. Expand Access keys
4. For each key with Status ""Active"", choose Delete and confirm
5. Verify no Active keys remain for the root user";CIS-4.0.1: 1.4 | FedRAMP-Low-Revision-4: ac-2, ac-3, ia-2 | SecNumCloud-3.2: 9.6 | AWS-Foundational-Technical-Review: ARC-004 | FedRamp-Moderate-Revision-4: ac-2-1, ac-2-f, ac-2-j, ac-3, ac-5-c, ac-6-10, ac-6, ia-2 | NIST-800-53-Revision-5: ac_2_1, ac_2_6, ac_3_3, ac_3_3_a, ac_3_3_b_1, ac_3_3_b_2, ac_3_3_b_3, ac_3_3_b_4, ac_3_3_b_5, ac_3_3_c, ac_3_4, ac_3_4_a, ac_3_4_b, ac_3_4_c, ac_3_4_d, ac_3_4_e, ac_3_7, ac_3_8, ac_3_12_a, ac_3_13, ac_3_15_a, ac_3_15_b, ac_4_28, ac_6, ac_6_2, ac_6_10, ac_24, cm_5_1_a, cm_6_a, cm_9_b, ia_2, ia_4_b, ia_4_4, ia_4_8, ia_5_8, mp_2, sc_23_3, sc_25 | FFIEC: d3-pc-am-b-1, d3-pc-am-b-3, d3-pc-am-b-8 | CIS-6.0: 2.3 | CIS-3.0: 1.4 | NIST-800-171-Revision-2: 3_1_1, 3_1_2, 3_1_4, 3_1_5, 3_1_6, 3_1_7, 3_4_6 | AWS-Well-Architected-Framework-Security-Pillar: SEC01-BP02 | ISO27001-2022: A.5.15 | NIST-CSF-1.1: ac_1, ac_4, pt_3 | RBI-Cyber-Security-Framework: annex_i_7_1 | CCC-v2025.10: CCC.Core.CN03.AR02, CCC.Core.CN03.AR04, CCC.Core.CN05.AR06, CCC.IAM.CN01.AR01, CCC.IAM.CN01.AR02 | CIS-1.5: 1.4 | CIS-7.0: 2.4 | KISA-ISMS-P-2023: 2.5.5, 2.7.2, 2.10.2 | ENS-RD2022: op.acc.4.aws.iam.7 | ISO27001-2013: A.9.2.N, A.9.4.N | GxP-21-CFR-Part-11: 11.10-d, 11.10-g, 11.200 | PCI-4.0: 7.2.1.17, 7.2.2.17, 7.2.3.8, 8.2.1.4, 8.2.2.6, 8.2.4.4, 8.2.5.4, 8.3.11.4 | CIS-5.0: 1.3 | FedRAMP-20x-KSI-Low-25.05C: ksi-iam, ksi-iam-07 | NIST-CSF-2.0: ac_1, ac_6 | NIST-800-53-Revision-4: ac_2, ac_3, ac_6_10, ac_6 | MITRE-ATTACK: T1078, T1550 | CIS-1.4: 1.4 | NIS2: 9.2.c | CISA: your-systems-3, your-surroundings-3 | C5-2025: IAM-03.01B, IAM-03.03B, IAM-06.02B, IAM-10.01B, CRY-03.01B | CIS-2.0: 1.4 | GDPR: article_25 | AWS-Foundational-Security-Best-Practices: IAM.4 | AWS-Account-Security-Onboarding: Block root user | ProwlerThreatScore-1.0: 1.1.13 | HIPAA: 164_308_a_1_ii_b, 164_308_a_3_i, 164_308_a_3_ii_b, 164_308_a_4_ii_c, 164_312_a_2_i | KISA-ISMS-P-2023-korean: 2.5.5, 2.7.2, 2.10.2 | AWS-AI-Security-Framework-1.0: AISF-IAM-04;identity-access;;;;5.40.0;https://docs.aws.amazon.com/IAM/latest/UserGuide/id_credentials_access-keys.html | https://docs.aws.amazon.com/IAM/latest/UserGuide/id_credentials_getting-report.html | https://www.trendmicro.com/trendaivisiononecloudriskmanagement/knowledge-base/aws/IAM/root-account-access-keys-present.html;;
profile: None;2026-09-02 05:33:48.082860;010603499647;;;;;;prowler-aws-iam_password_policy_expires_passwords_within_90_days_or_less-010603499647-eu-north-1-010603499647;aws;iam_password_policy_expires_passwords_within_90_days_or_less;IAM account password policy enforces password expiration within 90 days or less;Software and Configuration Checks/Industry and Regulatory Standards/CIS AWS Foundations Benchmark;PASS;Password expiration is set lower than 90 days (90 days).;False;iam;;medium;AwsIamPolicy;arn:aws:iam:eu-north-1:010603499647:password-policy;010603499647;;;aws;eu-north-1;"**IAM account password policy** sets a **password expiration period** for IAM user console logins; configuration is aligned when rotation is enabled and set to `<= 90` days.";Without rotation, stale passwords persist, enabling **credential stuffing**, **brute force**, and **password reuse** attacks. A compromised IAM user can retain console access, enabling **data exfiltration**, privilege escalation, and loss of **confidentiality** and **integrity**.;;Enforce **password rotation** at `<= 90` days and **prevent reuse**. Pair with **MFA**, strong length/complexity, and prefer **federation/SSO** to reduce static passwords. Apply **least privilege**, monitor sign-ins, and remove inactive console passwords to limit exposure.;https://hub.prowler.com/check/iam_password_policy_expires_passwords_within_90_days_or_less;"```yaml
# CloudFormation: Set IAM account password policy to expire passwords within 90 days
Resources:
  ExampleAccountPasswordPolicy:
    Type: AWS::IAM::AccountPasswordPolicy
    Properties:
      MaxPasswordAge: 90  # Critical: enforces password expiration in 90 days or less to pass the check
```";"```hcl
# Enforce IAM password expiration within 90 days
resource ""aws_iam_account_password_policy"" ""example"" {
  max_password_age = 90  # Critical: enforces password expiration <= 90 days to pass the check
}
```";aws iam update-account-password-policy --max-password-age 90;"1. In the AWS Console, go to IAM
2. Select Account settings
3. In Password policy, click Edit
4. Check Enable password expiration and set Password expiration period (days) to 90 or less
5. Click Save changes";SecNumCloud-3.2: 9.5 | AWS-Foundational-Technical-Review: IAM-003 | NIST-800-171-Revision-2: 3_5_5, 3_5_6, 3_5_7, 3_5_8 | AWS-Well-Architected-Framework-Security-Pillar: SEC03-BP06 | ISO27001-2022: A.5.15 | CCC-v2025.10: CCC.Core.CN05.AR02, CCC.IAM.CN05.AR01 | KISA-ISMS-P-2023: 2.5.4, 2.10.2 | ENS-RD2022: op.acc.6.aws.iam.3 | ISO27001-2013: A.9.2.A, A.9.3.A, A.9.4.A | PCI-4.0: 8.3.6.1, 8.6.3.2 | FedRAMP-20x-KSI-Low-25.05C: ksi-iam | MITRE-ATTACK: T1078, T1110 | NIS2: 1.1.1.d, 1.1.2, 9.2.c.v, 11.6.2.a | C5-2025: IAM-03.02B, IAM-08.03B, IAM-08.05B, PSS-07.01B | AWS-Foundational-Security-Best-Practices: IAM.7, IAM.10 | ProwlerThreatScore-1.0: 1.1.12 | KISA-ISMS-P-2023-korean: 2.5.4, 2.10.2 | AWS-AI-Security-Framework-1.0: AISF-IAM-06;identity-access;;;;5.40.0;https://docs.aws.amazon.com/IAM/latest/UserGuide/id_credentials_passwords_account-policy.html;;
profile: None;2026-09-02 05:33:48.082860;010603499647;;;;;;prowler-aws-iam_password_policy_lowercase-010603499647-eu-north-1-010603499647;aws;iam_password_policy_lowercase;IAM password policy requires at least one lowercase letter;Software and Configuration Checks/AWS Security Best Practices | Software and Configuration Checks/Industry and Regulatory Standards/CIS AWS Foundations Benchmark;PASS;IAM password policy requires at least one lowercase letter.;False;iam;;low;AwsIamPolicy;arn:aws:iam:eu-north-1:010603499647:password-policy;010603499647;;;aws;eu-north-1;**IAM password policy** requires at least one **lowercase** character in user passwords via the `Require lowercase` setting;Without a lowercase requirement, passwords have reduced entropy, making **brute force** and **password spraying** more effective. Compromised IAM users can enable unauthorized access and changes, risking **confidentiality**, **integrity**, and **availability** of AWS resources.;;"Adopt a strong password policy that:
- Enables `Require at least one lowercase letter` plus uppercase, number, and symbol
- Sets sufficient length and blocks reuse
- Requires **MFA** for all users
- Applies **least privilege** to limit blast radius";https://hub.prowler.com/check/iam_password_policy_lowercase;"```yaml
Resources:
  <example_resource_name>:
    Type: AWS::IAM::AccountPasswordPolicy
    Properties:
      RequireLowercaseCharacters: true  # Critical: Enforces at least one lowercase letter in passwords
```";"```hcl
resource ""aws_iam_account_password_policy"" ""<example_resource_name>"" {
  require_lowercase_characters = true  # Critical: Enforces at least one lowercase letter in passwords
}
```";aws iam update-account-password-policy --require-lowercase-characters;"1. In the AWS Console, open IAM
2. Go to Account settings
3. In Password policy, click Edit
4. Check ""Require at least one lowercase letter (a-z)""
5. Click Save changes";SecNumCloud-3.2: 9.5 | AWS-Foundational-Technical-Review: IAM-003 | FFIEC: d3-pc-am-b-6, d3-pc-am-b-7 | NIST-800-171-Revision-2: 3_5_7 | AWS-Well-Architected-Framework-Security-Pillar: SEC02-BP01 | ISO27001-2022: A.5.15 | CCC-v2025.10: CCC.Core.CN05.AR02, CCC.IAM.CN05.AR01 | KISA-ISMS-P-2023: 2.5.4, 2.10.2 | ENS-RD2022: op.acc.6.r1.aws.iam.1 | ISO27001-2013: A.9.2.F, A.9.3.F, A.9.4.F | GxP-21-CFR-Part-11: 11.10-d, 11.10-g, 11.200, 11.300-b | FedRAMP-20x-KSI-Low-25.05C: ksi-iam | MITRE-ATTACK: T1078, T1110 | NIS2: 9.2.c.v, 11.6.2.a | CISA: your-systems-3, your-surroundings-4 | C5-2025: IAM-08.03B, PSS-07.01B | GDPR: article_25 | AWS-Foundational-Security-Best-Practices: IAM.7, IAM.10 | ProwlerThreatScore-1.0: 1.1.8 | HIPAA: 164_308_a_5_ii_d | KISA-ISMS-P-2023-korean: 2.5.4, 2.10.2 | AWS-AI-Security-Framework-1.0: AISF-IAM-06;identity-access;;;;5.40.0;https://docs.aws.amazon.com/IAM/latest/UserGuide/id_credentials_passwords_account-policy.html;;
profile: None;2026-09-02 05:33:48.082860;010603499647;;;;;;prowler-aws-iam_password_policy_minimum_length_14-010603499647-eu-north-1-010603499647;aws;iam_password_policy_minimum_length_14;IAM password policy requires passwords to be at least 14 characters long;Software and Configuration Checks/Industry and Regulatory Standards/CIS AWS Foundations Benchmark | Software and Configuration Checks/Industry and Regulatory Standards/AWS Foundational Security Best Practices;PASS;IAM password policy requires minimum length of 14 characters.;False;iam;;medium;AwsIamPolicy;arn:aws:iam:eu-north-1:010603499647:password-policy;010603499647;;;aws;eu-north-1;**IAM password policy** is assessed for the **minimum password length** setting, confirming it meets `>= 14` characters for IAM console users.;Low minimum length reduces entropy, easing **brute force** and **credential stuffing**. Compromised IAM users enable console access, unauthorized changes, and lateral movement, leading to data exposure (confidentiality) and tampering (integrity).;;"Set the **minimum password length** to `>= 14` (prefer `16+`).
- Require mixed character types and prevent reuse
- Enforce **MFA** for all console users
- Prefer SSO over local IAM users
- Apply least privilege and monitor authentication events";https://hub.prowler.com/check/iam_password_policy_minimum_length_14;"```yaml
Resources:
  <example_resource_name>:
    Type: AWS::IAM::AccountPasswordPolicy
    Properties:
      MinimumPasswordLength: 14  # Critical: sets minimum password length to 14 to pass the check
```";"```hcl
resource ""aws_iam_account_password_policy"" ""<example_resource_name>"" {
  minimum_password_length = 14  # Critical: enforces minimum password length >=14
}
```";aws iam update-account-password-policy --minimum-password-length 14;"1. Sign in to the AWS Console and open IAM
2. Go to Account settings > Password policy and click Edit
3. Set Enforce minimum password length to 14
4. Click Save changes (and confirm Set custom if prompted)";CIS-4.0.1: 1.8 | FedRAMP-Low-Revision-4: ac-2, ia-2 | SecNumCloud-3.2: 9.5, 10.3 | AWS-Foundational-Technical-Review: IAM-003 | FedRamp-Moderate-Revision-4: ac-2-1, ac-2-f, ac-2-j, ac-2-3, ac-5-c, ia-2, ia-5-1-a-d-e, ia-5-4 | NIST-800-53-Revision-5: ac_2_1, ac_2_3_a, ac_2_3_b, ac_2_3_c, ac_2_3_d, ac_2_3, ac_2_d_1, ac_3_3, ac_3_3_a, ac_3_3_b_1, ac_3_3_b_2, ac_3_3_b_3, ac_3_3_b_4, ac_3_3_b_5, ac_3_3_c, ac_3_4, ac_3_4_a, ac_3_4_b, ac_3_4_c, ac_3_4_d, ac_3_4_e, ac_3_8, ac_3_12_a, ac_3_13, ac_3_15_a, ac_3_15_b, ac_4_28, ac_7_4, ac_7_4_a, ac_24, cm_5_1_a, cm_6_a, cm_9_b, cm_12_b, ia_4_d, ia_5, ia_5_b, ia_5_c, ia_5_d, ia_5_f, ia_5_h, ia_5_1_f, ia_5_1_g, ia_5_1_h, ia_5_1_h, ia_5_18_a, ia_5_18_b, ia_8_2_b, ma_4_c, sc_23_3 | FFIEC: d3-pc-am-b-6, d3-pc-am-b-7 | CIS-6.0: 2.7 | CIS-3.0: 1.8 | NIST-800-171-Revision-2: 3_5_7 | AWS-Well-Architected-Framework-Security-Pillar: SEC02-BP01 | ISO27001-2022: A.5.15 | CCC-v2025.10: CCC.Core.CN05.AR02, CCC.IAM.CN05.AR01 | CIS-1.5: 1.8 | CIS-7.0: 2.8 | KISA-ISMS-P-2023: 2.5.4, 2.10.2 | ENS-RD2022: op.acc.6.r1.aws.iam.1 | ISO27001-2013: A.9.2.C, A.9.3.C, A.9.4.C | GxP-21-CFR-Part-11: 11.10-d, 11.10-g, 11.200, 11.300-b | CIS-5.0: 1.7 | FedRAMP-20x-KSI-Low-25.05C: ksi-iam | MITRE-ATTACK: T1078, T1110 | CIS-1.4: 1.8 | NIS2: 9.2.c.v | CISA: your-systems-3, your-surroundings-4 | C5-2025: IAM-08.03B, PSS-07.01B | CIS-2.0: 1.8 | GDPR: article_25 | AWS-Foundational-Security-Best-Practices: IAM.7, IAM.10 | ProwlerThreatScore-1.0: 1.1.4 | HIPAA: 164_308_a_5_ii_d | KISA-ISMS-P-2023-korean: 2.5.4, 2.10.2 | AWS-AI-Security-Framework-1.0: AISF-IAM-06;identity-access;;;;5.40.0;https://docs.aws.amazon.com/config/latest/developerguide/iam-password-policy.html | https://docs.aws.amazon.com/IAM/latest/UserGuide/id_credentials_passwords_account-policy.html | https://docs.aws.amazon.com/sdk-for-ruby/v3/api/Aws/IAM/Resource.html;;
profile: None;2026-09-02 05:33:48.082860;010603499647;;;;;;prowler-aws-iam_password_policy_number-010603499647-eu-north-1-010603499647;aws;iam_password_policy_number;IAM password policy requires at least one number;Software and Configuration Checks/AWS Security Best Practices | Software and Configuration Checks/Industry and Regulatory Standards/AWS Foundational Security Best Practices | Software and Configuration Checks/Industry and Regulatory Standards/CIS AWS Foundations Benchmark;PASS;IAM password policy requires at least one number.;False;iam;;medium;AwsIamPolicy;arn:aws:iam:eu-north-1:010603499647:password-policy;010603499647;;;aws;eu-north-1;**IAM account password policy** requires at least one **numeric character** (`0-9`) in IAM user passwords;Passwords without numbers have lower entropy, making **brute-force** and **credential-stuffing** more effective. A compromised IAM user can gain console access, enabling data exposure (**confidentiality**), configuration changes (**integrity**), and resource abuse or deletion (**availability**).;;Enforce the password policy option to `require at least one number`. Combine with strong length, mixed case, and symbols, and prevent reuse. Enable **MFA** for all users and prefer **federated access** to limit static credentials, supporting **defense in depth** against guessing attacks.;https://hub.prowler.com/check/iam_password_policy_number;"```yaml
# CloudFormation: Enforce at least one number in IAM user passwords
Resources:
  <example_resource_name>:
    Type: AWS::IAM::AccountPasswordPolicy
    Properties:
      RequireNumbers: true  # Critical: requires at least one number in passwords
```";"```hcl
# Enforce at least one number in IAM user passwords
resource ""aws_iam_account_password_policy"" ""<example_resource_name>"" {
  require_numbers = true  # Critical: requires at least one number in passwords
}
```";aws iam update-account-password-policy --require-numbers;"1. Open the AWS Management Console and go to IAM
2. In the left menu, click Account settings
3. In Password policy, click Edit
4. Check Require at least one number
5. Click Save changes and confirm Set custom";SecNumCloud-3.2: 9.5, 10.3 | AWS-Foundational-Technical-Review: IAM-003 | FFIEC: d3-pc-am-b-6, d3-pc-am-b-7 | NIST-800-171-Revision-2: 3_5_7 | AWS-Well-Architected-Framework-Security-Pillar: SEC02-BP01 | ISO27001-2022: A.5.15 | CCC-v2025.10: CCC.Core.CN05.AR02, CCC.IAM.CN05.AR01 | KISA-ISMS-P-2023: 2.5.4, 2.10.2 | ENS-RD2022: op.acc.6.r1.aws.iam.1 | ISO27001-2013: A.9.2.D, A.9.3.D, A.9.4.D | GxP-21-CFR-Part-11: 11.10-d, 11.10-g, 11.200, 11.300-b | FedRAMP-20x-KSI-Low-25.05C: ksi-iam | MITRE-ATTACK: T1078, T1110 | NIS2: 9.2.c.v | CISA: your-systems-3, your-surroundings-4 | C5-2025: IAM-08.03B, IAM-08.05B, PSS-07.01B | GDPR: article_25 | AWS-Foundational-Security-Best-Practices: IAM.7, IAM.10 | ProwlerThreatScore-1.0: 1.1.6 | HIPAA: 164_308_a_5_ii_d | KISA-ISMS-P-2023-korean: 2.5.4, 2.10.2 | AWS-AI-Security-Framework-1.0: AISF-IAM-06;identity-access;;;;5.40.0;https://docs.aws.amazon.com/IAM/latest/UserGuide/id_credentials_passwords_account-policy.html;;
profile: None;2026-09-02 05:33:48.082860;010603499647;;;;;;prowler-aws-iam_password_policy_reuse_24-010603499647-eu-north-1-010603499647;aws;iam_password_policy_reuse_24;IAM password policy prevents reuse of the last 24 passwords;Software and Configuration Checks/AWS Security Best Practices | Software and Configuration Checks/Industry and Regulatory Standards/AWS Foundational Security Best Practices | Software and Configuration Checks/Industry and Regulatory Standards/CIS AWS Foundations Benchmark;PASS;IAM password policy reuse prevention is equal to 24.;False;iam;;medium;AwsIamPolicy;arn:aws:iam:eu-north-1:010603499647:password-policy;010603499647;;;aws;eu-north-1;**IAM account password policy** uses **password reuse prevention** set to `24` remembered passwords (maximum history) for IAM users;If fewer than `24` passwords are remembered, users can cycle back to recent secrets, undermining rotation. Attackers with previously exposed passwords can regain console access after a change, reducing **confidentiality** and **integrity** and increasing success of credential-stuffing with known credentials.;;Set the password policy to remember `24` previous passwords to block reuse. Combine with **MFA**, strong length and complexity, and avoid rotation practices that encourage predictable patterns. Apply **least privilege** and monitor authentication events as part of **defense in depth**.;https://hub.prowler.com/check/iam_password_policy_reuse_24;"```yaml
Resources:
  <example_resource_name>:
    Type: AWS::IAM::AccountPasswordPolicy
    Properties:
      PasswordReusePrevention: 24  # Critical: prevents reuse of the last 24 passwords
```";"```hcl
resource ""aws_iam_account_password_policy"" ""<example_resource_name>"" {
  password_reuse_prevention = 24  # Critical: require last 24 passwords cannot be reused
}
```";aws iam update-account-password-policy --password-reuse-prevention 24;"1. Open the AWS Management Console and go to IAM
2. In the left menu, select Account settings
3. In Password policy, click Edit
4. Select Custom (if not already)
5. Set Prevent password reuse to 24
6. Click Save changes";CIS-4.0.1: 1.9 | SecNumCloud-3.2: 9.5 | AWS-Foundational-Technical-Review: IAM-003 | CIS-6.0: 2.8 | CIS-3.0: 1.9 | NIST-800-171-Revision-2: 3_5_5, 3_5_6, 3_5_7, 3_5_8 | AWS-Well-Architected-Framework-Security-Pillar: SEC02-BP01 | ISO27001-2022: A.5.15 | NIST-CSF-1.1: ac_1 | PCI-3.2.1: 8.1, 8.1.4, 8.2, 8.2.3, 8.2.3.a, 8.2.3.b, 8.2.4, 8.2.4.a, 8.2.4.b, 8.2.5, 8.2.5.a, 8.2.5.b | RBI-Cyber-Security-Framework: annex_i_7_2 | CCC-v2025.10: CCC.Core.CN05.AR02, CCC.IAM.CN05.AR01 | CIS-1.5: 1.9 | CIS-7.0: 2.9 | KISA-ISMS-P-2023: 2.5.4, 2.10.2 | ENS-RD2022: op.acc.6.r1.aws.iam.1 | ISO27001-2013: A.9.2.B, A.9.3.B, A.9.4.B | CIS-5.0: 1.8 | FedRAMP-20x-KSI-Low-25.05C: ksi-iam | NIST-800-53-Revision-4: ac_2_1, ac_2, ia_2, ia_5_1, ia_5_4 | MITRE-ATTACK: T1078, T1110 | CIS-1.4: 1.9 | NIS2: 9.2.c.v | C5-2025: IAM-01.03B, IAM-03.02B, IAM-03.03B, IAM-03.01AS, IAM-08.03B, IAM-08.05B, IAM-08.07B, PSS-07.01B | CIS-2.0: 1.9 | GDPR: article_25 | AWS-Foundational-Security-Best-Practices: IAM.7, IAM.10 | ProwlerThreatScore-1.0: 1.1.5 | HIPAA: 164_308_a_4_ii_c, 164_308_a_5_ii_d, 164_312_d | KISA-ISMS-P-2023-korean: 2.5.4, 2.10.2 | AWS-AI-Security-Framework-1.0: AISF-IAM-06;identity-access;;;;5.40.0;https://docs.aws.amazon.com/IAM/latest/UserGuide/id_credentials_passwords_account-policy.html;;
profile: None;2026-09-02 05:33:48.082860;010603499647;;;;;;prowler-aws-iam_password_policy_symbol-010603499647-eu-north-1-010603499647;aws;iam_password_policy_symbol;IAM password policy requires at least one symbol;Software and Configuration Checks/AWS Security Best Practices | Software and Configuration Checks/Industry and Regulatory Standards/AWS Foundational Security Best Practices | Software and Configuration Checks/Industry and Regulatory Standards/CIS AWS Foundations Benchmark | TTPs/Credential Access;PASS;IAM password policy requires at least one symbol.;False;iam;;medium;AwsIamPolicy;arn:aws:iam:eu-north-1:010603499647:password-policy;010603499647;;;aws;eu-north-1;**IAM account password policy** includes the `Require at least one non-alphanumeric character` rule for IAM user passwords;Missing a **symbol requirement** lowers password entropy, increasing success of **brute force** and **credential stuffing** against console logins. A compromised IAM user can gain unauthorized access and modify resources, threatening **confidentiality** and **integrity** across the account.;;Enforce the `Require at least one non-alphanumeric character` rule in the **IAM password policy**, alongside strong minimum length, mixed character sets, and password reuse prevention. Apply **MFA** for all human users and uphold **least privilege** to limit impact. *Consider periodic rotation based on risk.*;https://hub.prowler.com/check/iam_password_policy_symbol;"```yaml
Resources:
  <example_resource_name>:
    Type: AWS::IAM::AccountPasswordPolicy
    Properties:
      RequireSymbols: true  # Critical: requires at least one symbol in passwords
```";"```hcl
resource ""aws_iam_account_password_policy"" ""<example_resource_name>"" {
  require_symbols = true  # Critical: require at least one symbol in passwords
}
```";aws iam update-account-password-policy --require-symbols;"1. In the AWS console, open IAM
2. Go to Account settings
3. Click Edit in the Password policy section
4. Check ""Require at least one non-alphanumeric character (symbol)""
5. Click Save changes";SecNumCloud-3.2: 9.5, 10.3 | AWS-Foundational-Technical-Review: IAM-003 | FFIEC: d3-pc-am-b-6, d3-pc-am-b-7 | NIST-800-171-Revision-2: 3_5_7 | AWS-Well-Architected-Framework-Security-Pillar: SEC02-BP01 | ISO27001-2022: A.5.15 | CCC-v2025.10: CCC.Core.CN05.AR02, CCC.IAM.CN05.AR01 | KISA-ISMS-P-2023: 2.5.4, 2.10.2 | ENS-RD2022: op.acc.6.r1.aws.iam.1 | ISO27001-2013: A.9.2.E, A.9.3.E, A.9.4.E | GxP-21-CFR-Part-11: 11.10-d, 11.10-g, 11.200, 11.300-b | FedRAMP-20x-KSI-Low-25.05C: ksi-iam | MITRE-ATTACK: T1078, T1110 | NIS2: 9.2.c.v | CISA: your-systems-3, your-surroundings-4 | C5-2025: IAM-08.03B, PSS-07.01B | GDPR: article_25 | AWS-Foundational-Security-Best-Practices: IAM.7, IAM.10 | ProwlerThreatScore-1.0: 1.1.7 | HIPAA: 164_308_a_5_ii_d | KISA-ISMS-P-2023-korean: 2.5.4, 2.10.2 | AWS-AI-Security-Framework-1.0: AISF-IAM-06;identity-access;;;;5.40.0;https://docs.aws.amazon.com/IAM/latest/UserGuide/id_credentials_passwords_account-policy.html;;
profile: None;2026-09-02 05:33:48.082860;010603499647;;;;;;prowler-aws-iam_password_policy_uppercase-010603499647-eu-north-1-010603499647;aws;iam_password_policy_uppercase;IAM password policy requires at least one uppercase letter;Software and Configuration Checks/AWS Security Best Practices | Software and Configuration Checks/Industry and Regulatory Standards/AWS Foundational Security Best Practices | Software and Configuration Checks/Industry and Regulatory Standards/CIS AWS Foundations Benchmark | Software and Configuration Checks/Industry and Regulatory Standards/NIST 800-53 Controls (USA) | Software and Configuration Checks/Industry and Regulatory Standards/PCI-DSS;PASS;IAM password policy requires at least one uppercase letter.;False;iam;;medium;AwsIamPolicy;arn:aws:iam:eu-north-1:010603499647:password-policy;010603499647;;;aws;eu-north-1;"**IAM account password policy** enforces the presence of **at least one uppercase letter** (`A-Z`) in IAM user passwords.

*This evaluates whether the uppercase complexity rule is enabled for console passwords.*";Without an uppercase requirement, passwords have lower entropy, enabling **brute force**, **credential stuffing**, and **offline cracking**. Compromised IAM users can access the console, threatening **confidentiality** (data exposure), **integrity** (unauthorized changes), and **availability** (resource deletion).;;Enable the uppercase rule within a **strong password policy** that also requires length, lowercase, numbers, and symbols. Pair with **MFA** and **least privilege** to reduce blast radius. Regularly review policy effectiveness and prefer **federated SSO** to minimize long-lived IAM passwords.;https://hub.prowler.com/check/iam_password_policy_uppercase;"```yaml
Resources:
  <example_resource_name>:
    Type: AWS::IAM::AccountPasswordPolicy
    Properties:
      RequireUppercaseCharacters: true  # Critical: enforce at least one uppercase letter
```";"```hcl
resource ""aws_iam_account_password_policy"" ""<example_resource_name>"" {
  require_uppercase_characters = true  # Critical: enforce at least one uppercase letter
}
```";aws iam update-account-password-policy --require-uppercase-characters;"1. In the AWS Console, go to IAM
2. Open Account settings > Password policy > Edit
3. Check ""Require at least one uppercase letter (A-Z)""
4. Click Save changes";SecNumCloud-3.2: 9.5 | AWS-Foundational-Technical-Review: IAM-003 | FFIEC: d3-pc-am-b-6, d3-pc-am-b-7 | NIST-800-171-Revision-2: 3_5_7 | AWS-Well-Architected-Framework-Security-Pillar: SEC02-BP01 | ISO27001-2022: A.5.15 | CCC-v2025.10: CCC.Core.CN05.AR02, CCC.IAM.CN05.AR01 | KISA-ISMS-P-2023: 2.5.4, 2.10.2 | ENS-RD2022: op.acc.6.r1.aws.iam.1 | ISO27001-2013: A.9.2.G, A.9.3.G, A.9.4.G | GxP-21-CFR-Part-11: 11.10-d, 11.10-g, 11.200, 11.300-b | FedRAMP-20x-KSI-Low-25.05C: ksi-iam | MITRE-ATTACK: T1078, T1110 | NIS2: 9.2.c.v | CISA: your-systems-3, your-surroundings-4 | C5-2025: IAM-08.03B, IAM-08.05B, PSS-07.01B | GDPR: article_25 | AWS-Foundational-Security-Best-Practices: IAM.7, IAM.10 | ProwlerThreatScore-1.0: 1.1.9 | HIPAA: 164_308_a_5_ii_d | KISA-ISMS-P-2023-korean: 2.5.4, 2.10.2 | AWS-AI-Security-Framework-1.0: AISF-IAM-06;identity-access;;;;5.40.0;https://docs.aws.amazon.com/IAM/latest/UserGuide/id_credentials_passwords_account-policy.html;;
profile: None;2026-09-02 05:33:48.082860;010603499647;;;;;;prowler-aws-iam_policy_attached_only_to_group_or_roles-010603499647-eu-north-1-cloud-security-admin/IAMUserChangePassword;aws;iam_policy_attached_only_to_group_or_roles;IAM user has no inline or attached policies;Software and Configuration Checks/AWS Security Best Practices | Software and Configuration Checks/Industry and Regulatory Standards/AWS Foundational Security Best Practices | Software and Configuration Checks/Industry and Regulatory Standards/CIS AWS Foundations Benchmark;FAIL;User cloud-security-admin has the policy IAMUserChangePassword attached.;False;iam;;low;AwsIamUser;arn:aws:iam::010603499647:user/cloud-security-admin;cloud-security-admin/IAMUserChangePassword;;;aws;eu-north-1;**IAM users** have identity-based policies attached directly (managed or inline) instead of inheriting permissions via **groups** or **roles**.;Directly attached user policies hinder centralized control and cause privilege creep. If a user is compromised, excessive rights enable data exposure, resource tampering, and lateral movement, harming **confidentiality** and **integrity**. Revocation is error-prone, weakening **separation of duties** and auditability.;;"Assign permissions to **groups** (humans) and **roles** (workloads); avoid user-attached policies. Enforce **least privilege**, prefer federation and temporary credentials, and use tags or **permissions boundaries** to constrain scope. Review regularly to remove direct user policies and right-size access.";https://hub.prowler.com/check/iam_policy_attached_only_to_group_or_roles;"```yaml
# CloudFormation: ensure IAM user has no policies
Resources:
  <example_resource_name>:
    Type: AWS::IAM::User
    Properties:
      UserName: <example_resource_name>
      ManagedPolicyArns: []  # CRITICAL: empty list detaches all managed (attached) policies
      Policies: []           # CRITICAL: empty list removes all inline policies
```";;;"1. In AWS Console, go to IAM > Users and select the target user
2. Open the Permissions tab
3. Under Permissions policies, remove each attached policy
4. Under Inline policies, delete each inline policy
5. Confirm changes; the user should show no inline or attached policies";ASD-Essential-Eight-Nov 2023: E8-4.4 | CIS-4.0.1: 1.15 | FedRAMP-Low-Revision-4: ac-2, ac-3 | SecNumCloud-3.2: 9.1 | AWS-Foundational-Technical-Review: IAM-006, IAM-0012 | FedRamp-Moderate-Revision-4: ac-2-1, ac-2-f, ac-2-j, ac-3, ac-5-c, sc-2 | SOC2: cc_1_3 | NIST-800-53-Revision-5: ac_2_1, ac_2_6, ac_2_i_2, ac_3, ac_3_3, ac_3_3_a, ac_3_3_b_1, ac_3_3_b_2, ac_3_3_b_3, ac_3_3_b_4, ac_3_3_b_5, ac_3_3_c, ac_3_4, ac_3_4_a, ac_3_4_b, ac_3_4_c, ac_3_4_d, ac_3_4_e, ac_3_7, ac_3_8, ac_3_12_a, ac_3_13, ac_3_15_a, ac_3_15_b, ac_4_28, ac_6, ac_6_3, ac_24, cm_5_1_a, cm_6_a, cm_9_b, mp_2, sc_23_3 | FFIEC: d3-pc-am-b-1, d3-pc-im-b-7 | CIS-6.0: 2.14 | CIS-3.0: 1.15 | NIST-800-171-Revision-2: 3_4_6 | AWS-Well-Architected-Framework-Security-Pillar: SEC02-BP06 | ISO27001-2022: A.5.15 | RBI-Cyber-Security-Framework: annex_i_7_1 | CCC-v2025.10: CCC.Core.CN05.AR01, CCC.Core.CN05.AR04, CCC.Core.CN05.AR06 | CIS-1.5: 1.15 | CIS-7.0: 2.13 | KISA-ISMS-P-2023: 2.5.1, 2.5.6, 2.10.2 | ENS-RD2022: op.exp.8.r4.aws.ct.8, op.exp.8.r4.aws.ct.1 | ISO27001-2013: A.9.2.I, A.9.4.I | GxP-21-CFR-Part-11: 11.10-d, 11.10-g | PCI-4.0: 7.2.1.12, 7.2.1.13, 7.2.2.12, 7.2.2.13, 7.2.5.8, 7.2.5.9, 7.3.1.8, 7.3.1.9, 7.3.2.8, 7.3.2.9, 7.3.3.8, 7.3.3.9, 8.2.1.3, 8.2.2.5, 8.2.4.3, 8.2.5.3, 8.2.7.8, 8.2.7.9, 8.2.8.10, 8.2.8.11, 8.3.11.3, 8.3.4.8, 8.3.4.9 | CIS-5.0: 1.14 | FedRAMP-20x-KSI-Low-25.05C: ksi-iam, ksi-iam-07 | NIST-CSF-2.0: rr_1, rr_2, po_1, am_6, ac_1, ac_4, ac_6, ac_7, ip_1 | NIST-800-53-Revision-4: ac_6 | CIS-1.4: 1.15 | NIS2: 1.2.1, 2.1.2.f, 11.2.2.a | C5-2025: IAM-01.01B, IAM-01.04B, PSS-09.01AC | CIS-2.0: 1.15 | AWS-Account-Security-Onboarding: Predefine IAM Roles | ProwlerThreatScore-1.0: 1.2.1, 1.2.2 | KISA-ISMS-P-2023-korean: 2.5.1, 2.5.6, 2.10.2 | AWS-AI-Security-Framework-1.0: AISF-IAM-02;identity-access;;;CAF Security Epic: IAM;5.40.0;https://docs.aws.amazon.com/securityhub/latest/userguide/iam-controls.html | https://docs.aws.amazon.com/IAM/latest/UserGuide/best-practices.html;;
profile: None;2026-09-02 05:33:48.082860;010603499647;;;;;;prowler-aws-iam_policy_cloudshell_admin_not_attached-010603499647-eu-north-1-010603499647;aws;iam_policy_cloudshell_admin_not_attached;No IAM users, groups, or roles have the AWSCloudShellFullAccess policy attached;Software and Configuration Checks/AWS Security Best Practices;PASS;AWS CloudShellFullAccess policy is not attached to any IAM entity.;False;iam;;medium;AwsIamPolicy;arn:aws:iam::aws:policy/AWSCloudShellFullAccess;010603499647;;;aws;eu-north-1;"**IAM identities** with the AWS managed policy `AWSCloudShellFullAccess` attached are identified across users, groups, and roles.

This indicates principals are granted `cloudshell:*` on `*`, enabling full CloudShell features, including environment startup and file transfer.";"Granting `cloudshell:*` enables an interactive shell with Internet egress and file upload/download, degrading **confidentiality** and **integrity**.

Compromised principals can exfiltrate data, stage tooling with sudo, persist artifacts in CloudShell, and operate from AWS IP space to bypass endpoint controls.";;"Detach `AWSCloudShellFullAccess` from identities.

Apply **least privilege**: permit CloudShell only when necessary via narrowly scoped permissions, restricted roles, short-lived sessions, and approvals. Prefer controlled alternatives (local CLI, bastion, or Session Manager). Enforce **separation of duties** and monitor usage.";https://hub.prowler.com/check/iam_policy_cloudshell_admin_not_attached;"```yaml
# CloudFormation: ensure AWSCloudShellFullAccess is NOT attached to the IAM user
Resources:
  <example_resource_name>:
    Type: AWS::IAM::User
    Properties:
      ManagedPolicyArns: []  # Critical: empty list ensures AWSCloudShellFullAccess is not attached
```";"```hcl
# Terraform: ensure AWSCloudShellFullAccess is NOT attached
resource ""aws_iam_user_policy_attachment"" ""<example_resource_name>"" {
  count      = 0  # Critical: prevents creation, ensuring the policy is detached/not attached
  user       = ""<example_resource_name>""
  policy_arn = ""arn:aws:iam::aws:policy/AWSCloudShellFullAccess""  # Denied policy
}
```";;"1. In the AWS console, go to IAM > Policies
2. Search for AWSCloudShellFullAccess and open it
3. Select the Entities attached tab
4. Select all Users, Groups, and Roles listed
5. Click Detach and confirm";CIS-4.0.1: 1.22 | CIS-6.0: 2.21 | CIS-7.0: 2.20 | KISA-ISMS-P-2023: 2.5.1, 2.5.5, 2.5.6, 2.10.2 | PCI-4.0: 7.2.1.14, 7.2.1.15, 7.2.1.16, 7.2.2.14, 7.2.2.15, 7.2.2.16, 7.2.3.7, 7.2.5.10, 7.2.5.11, 7.2.5.12, 7.3.1.10, 7.3.1.11, 7.3.1.12, 7.3.2.10, 7.3.2.11, 7.3.2.12, 7.3.3.10, 7.3.3.11, 7.3.3.12, 8.2.7.10, 8.2.7.11, 8.2.7.12, 8.2.8.12, 8.2.8.13, 8.2.8.14, 8.3.4.10, 8.3.4.11, 8.3.4.12 | CIS-5.0: 1.21 | NIS2: 1.2.1 | C5-2025: OIS-02.01B, SP-01.04B, HR-01.01B, IAM-01.01B, IAM-01.04B, IAM-06.01B | CIS-2.0: 1.22 | ProwlerThreatScore-1.0: 1.3.2 | KISA-ISMS-P-2023-korean: 2.5.1, 2.5.5, 2.5.6, 2.10.2;identity-access;;;;5.40.0;https://docs.aws.amazon.com/securityhub/latest/userguide/iam-controls.html#iam-27 | https://www.trendmicro.com/trendaivisiononecloudriskmanagement/knowledge-base/aws/IAM/unapproved-iam-policy-in-use.html | https://docs.aws.amazon.com/config/latest/developerguide/iam-policy-blacklisted-check.html | https://docs.aws.amazon.com/IAM/latest/UserGuide/access_policies_manage-attach-detach.html | https://icompaas.freshdesk.com/support/solutions/articles/62000233099-1-22-restrict-access-to-awscloudshellfullaccess-manual-;;
profile: None;2026-09-02 05:33:48.082860;010603499647;;;;;;prowler-aws-iam_role_access_not_stale_to_bedrock-010603499647-eu-north-1-AWSServiceRoleForResourceExplorer;aws;iam_role_access_not_stale_to_bedrock;Regular Bedrock access ensures IAM roles retain only actively used permissions;Software and Configuration Checks/AWS Security Best Practices;PASS;IAM Role AWSServiceRoleForResourceExplorer accessed Bedrock 0 days ago (threshold: 60 days).;False;iam;;medium;AwsIamRole;arn:aws:iam::010603499647:role/aws-service-role/resource-explorer-2.amazonaws.com/AWSServiceRoleForResourceExplorer;AWSServiceRoleForResourceExplorer;;;aws;eu-north-1;"IAM roles granted **Bedrock** permissions are evaluated for recent service usage.

Roles whose last Bedrock access exceeds the configured threshold (default **60 days**) or that have **never** accessed Bedrock are flagged, indicating stale permissions that should be reviewed.";"Stale Bedrock permissions widen the **blast radius** of a credential compromise.

An attacker who assumes a role with unused Bedrock permissions can invoke foundation models, exfiltrate data through model responses, or incur significant costs — all without triggering expected usage patterns.";;"Apply the **principle of least privilege** by regularly reviewing IAM Access Advisor data and revoking Bedrock permissions that are no longer actively used.

Establish a periodic access review process and automate alerts for stale permissions to maintain a minimal attack surface.";https://hub.prowler.com/check/iam_role_access_not_stale_to_bedrock;;;;"1. Open the IAM console and select the role
2. Review the **Access Advisor** tab to confirm Bedrock has not been accessed recently
3. Remove or detach any policies granting Bedrock permissions that are no longer needed
4. If the role still requires Bedrock access, verify usage and reduce scope to least privilege";FedRAMP-Low-Revision-4: ac-2 | SecNumCloud-3.2: 9.2, 9.4 | FedRamp-Moderate-Revision-4: ac-2-1, ac-2-f, ac-2-j, ac-2-3, ac-6 | NIST-800-53-Revision-5: ac_2_1, ac_2_3_a, ac_2_3_b, ac_2_3_c, ac_2_3_d, ac_2_3, ac_2_g, ac_2_j, ac_3_8, ac_6 | NIST-800-171-Revision-2: 3_1_1, 3_1_2, 3_1_5, 3_5_6 | ISO27001-2022: A.5.15 | NIST-CSF-1.1: ac_1, ac_4 | PCI-3.2.1: 8.1.4 | ENS-RD2022: op.acc.6.r7.aws.iam.1 | ISO27001-2013: A.9.2.M | FedRAMP-20x-KSI-Low-25.05C: ksi-iam, ksi-iam-07 | NIST-CSF-2.0: ac_1 | NIST-800-53-Revision-4: ac_2_1, ac_2_3, ac_2, ac_6 | MITRE-ATTACK: T1078 | NIS2: 11.5.4 | C5-2025: IAM-03.02B, IAM-10.01B | AWS-AI-Security-Framework-1.0: AISF-IAM-05;identity-access | gen-ai;;bedrock_api_key_no_administrative_privileges | bedrock_api_key_no_long_term_credentials;The staleness threshold is configurable via the `max_unused_bedrock_access_days` audit config key (default: 60 days).;5.40.0;https://docs.aws.amazon.com/IAM/latest/UserGuide/access_policies_access-advisor.html | https://docs.aws.amazon.com/bedrock/latest/userguide/security-iam.html | https://docs.aws.amazon.com/IAM/latest/UserGuide/best-practices.html#remove-credentials;;
profile: None;2026-09-02 05:33:48.082860;010603499647;;;;;;prowler-aws-iam_role_access_not_stale_to_bedrock-010603499647-eu-north-1-AWSServiceRoleForSupport;aws;iam_role_access_not_stale_to_bedrock;Regular Bedrock access ensures IAM roles retain only actively used permissions;Software and Configuration Checks/AWS Security Best Practices;FAIL;IAM Role AWSServiceRoleForSupport has Bedrock permissions but has never used them.;False;iam;;medium;AwsIamRole;arn:aws:iam::010603499647:role/aws-service-role/support.amazonaws.com/AWSServiceRoleForSupport;AWSServiceRoleForSupport;;;aws;eu-north-1;"IAM roles granted **Bedrock** permissions are evaluated for recent service usage.

Roles whose last Bedrock access exceeds the configured threshold (default **60 days**) or that have **never** accessed Bedrock are flagged, indicating stale permissions that should be reviewed.";"Stale Bedrock permissions widen the **blast radius** of a credential compromise.

An attacker who assumes a role with unused Bedrock permissions can invoke foundation models, exfiltrate data through model responses, or incur significant costs — all without triggering expected usage patterns.";;"Apply the **principle of least privilege** by regularly reviewing IAM Access Advisor data and revoking Bedrock permissions that are no longer actively used.

Establish a periodic access review process and automate alerts for stale permissions to maintain a minimal attack surface.";https://hub.prowler.com/check/iam_role_access_not_stale_to_bedrock;;;;"1. Open the IAM console and select the role
2. Review the **Access Advisor** tab to confirm Bedrock has not been accessed recently
3. Remove or detach any policies granting Bedrock permissions that are no longer needed
4. If the role still requires Bedrock access, verify usage and reduce scope to least privilege";FedRAMP-Low-Revision-4: ac-2 | SecNumCloud-3.2: 9.2, 9.4 | FedRamp-Moderate-Revision-4: ac-2-1, ac-2-f, ac-2-j, ac-2-3, ac-6 | NIST-800-53-Revision-5: ac_2_1, ac_2_3_a, ac_2_3_b, ac_2_3_c, ac_2_3_d, ac_2_3, ac_2_g, ac_2_j, ac_3_8, ac_6 | NIST-800-171-Revision-2: 3_1_1, 3_1_2, 3_1_5, 3_5_6 | ISO27001-2022: A.5.15 | NIST-CSF-1.1: ac_1, ac_4 | PCI-3.2.1: 8.1.4 | ENS-RD2022: op.acc.6.r7.aws.iam.1 | ISO27001-2013: A.9.2.M | FedRAMP-20x-KSI-Low-25.05C: ksi-iam, ksi-iam-07 | NIST-CSF-2.0: ac_1 | NIST-800-53-Revision-4: ac_2_1, ac_2_3, ac_2, ac_6 | MITRE-ATTACK: T1078 | NIS2: 11.5.4 | C5-2025: IAM-03.02B, IAM-10.01B | AWS-AI-Security-Framework-1.0: AISF-IAM-05;identity-access | gen-ai;;bedrock_api_key_no_administrative_privileges | bedrock_api_key_no_long_term_credentials;The staleness threshold is configurable via the `max_unused_bedrock_access_days` audit config key (default: 60 days).;5.40.0;https://docs.aws.amazon.com/IAM/latest/UserGuide/access_policies_access-advisor.html | https://docs.aws.amazon.com/bedrock/latest/userguide/security-iam.html | https://docs.aws.amazon.com/IAM/latest/UserGuide/best-practices.html#remove-credentials;;
profile: None;2026-09-02 05:33:48.082860;010603499647;;;;;;prowler-aws-iam_role_access_not_stale_to_bedrock-010603499647-eu-north-1-cloud-security-autoremediation-config;aws;iam_role_access_not_stale_to_bedrock;Regular Bedrock access ensures IAM roles retain only actively used permissions;Software and Configuration Checks/AWS Security Best Practices;PASS;IAM Role cloud-security-autoremediation-config accessed Bedrock 0 days ago (threshold: 60 days).;False;iam;;medium;AwsIamRole;arn:aws:iam::010603499647:role/cloud-security-autoremediation-config;cloud-security-autoremediation-config;;Purpose=aws-config | Project=cloud-security-autoremediation;aws;eu-north-1;"IAM roles granted **Bedrock** permissions are evaluated for recent service usage.

Roles whose last Bedrock access exceeds the configured threshold (default **60 days**) or that have **never** accessed Bedrock are flagged, indicating stale permissions that should be reviewed.";"Stale Bedrock permissions widen the **blast radius** of a credential compromise.

An attacker who assumes a role with unused Bedrock permissions can invoke foundation models, exfiltrate data through model responses, or incur significant costs — all without triggering expected usage patterns.";;"Apply the **principle of least privilege** by regularly reviewing IAM Access Advisor data and revoking Bedrock permissions that are no longer actively used.

Establish a periodic access review process and automate alerts for stale permissions to maintain a minimal attack surface.";https://hub.prowler.com/check/iam_role_access_not_stale_to_bedrock;;;;"1. Open the IAM console and select the role
2. Review the **Access Advisor** tab to confirm Bedrock has not been accessed recently
3. Remove or detach any policies granting Bedrock permissions that are no longer needed
4. If the role still requires Bedrock access, verify usage and reduce scope to least privilege";FedRAMP-Low-Revision-4: ac-2 | SecNumCloud-3.2: 9.2, 9.4 | FedRamp-Moderate-Revision-4: ac-2-1, ac-2-f, ac-2-j, ac-2-3, ac-6 | NIST-800-53-Revision-5: ac_2_1, ac_2_3_a, ac_2_3_b, ac_2_3_c, ac_2_3_d, ac_2_3, ac_2_g, ac_2_j, ac_3_8, ac_6 | NIST-800-171-Revision-2: 3_1_1, 3_1_2, 3_1_5, 3_5_6 | ISO27001-2022: A.5.15 | NIST-CSF-1.1: ac_1, ac_4 | PCI-3.2.1: 8.1.4 | ENS-RD2022: op.acc.6.r7.aws.iam.1 | ISO27001-2013: A.9.2.M | FedRAMP-20x-KSI-Low-25.05C: ksi-iam, ksi-iam-07 | NIST-CSF-2.0: ac_1 | NIST-800-53-Revision-4: ac_2_1, ac_2_3, ac_2, ac_6 | MITRE-ATTACK: T1078 | NIS2: 11.5.4 | C5-2025: IAM-03.02B, IAM-10.01B | AWS-AI-Security-Framework-1.0: AISF-IAM-05;identity-access | gen-ai;;bedrock_api_key_no_administrative_privileges | bedrock_api_key_no_long_term_credentials;The staleness threshold is configurable via the `max_unused_bedrock_access_days` audit config key (default: 60 days).;5.40.0;https://docs.aws.amazon.com/IAM/latest/UserGuide/access_policies_access-advisor.html | https://docs.aws.amazon.com/bedrock/latest/userguide/security-iam.html | https://docs.aws.amazon.com/IAM/latest/UserGuide/best-practices.html#remove-credentials;;
profile: None;2026-09-02 05:33:48.082860;010603499647;;;;;;prowler-aws-iam_role_administratoraccess_policy-010603499647-eu-north-1-CloudLabDeploymentRole;aws;iam_role_administratoraccess_policy;IAM role does not have AdministratorAccess policy attached;Software and Configuration Checks/AWS Security Best Practices | Software and Configuration Checks/Industry and Regulatory Standards/AWS Foundational Security Best Practices | Software and Configuration Checks/Industry and Regulatory Standards/CIS AWS Foundations Benchmark;PASS;IAM Role CloudLabDeploymentRole does not have AdministratorAccess policy.;False;iam;;high;AwsIamRole;arn:aws:iam::010603499647:role/CloudLabDeploymentRole;CloudLabDeploymentRole;;;aws;eu-north-1;"**IAM roles** (excluding service roles) are evaluated for attachment of the AWS-managed `AdministratorAccess` policy.

Attachment indicates the role holds unrestricted permissions across services and resources.";Granting full administrative permissions on a role undermines confidentiality, integrity, and availability. If the role is assumed or its credentials are stolen, an attacker can read sensitive data, change policies, disable auditing, delete resources and backups, and create new privileged identities, enabling swift account takeover.;;"Apply **least privilege**: avoid attaching `AdministratorAccess` to roles. Grant only task-scoped permissions with custom policies and enforce **separation of duties**.

Use **permissions boundaries**, **SCPs**, and policy conditions to constrain power. Require MFA for break-glass admins, time-bound elevation with approval, and refine access using **Access Analyzer**.";https://hub.prowler.com/check/iam_role_administratoraccess_policy;"```yaml
# CloudFormation: IAM Role without AdministratorAccess
Resources:
  <example_resource_name>:
    Type: AWS::IAM::Role
    Properties:
      AssumeRolePolicyDocument:
        Version: '2012-10-17'
        Statement:
          - Effect: Allow
            Principal:
              Service: ec2.amazonaws.com
            Action: sts:AssumeRole
      ManagedPolicyArns: []  # Critical: ensure AdministratorAccess is NOT attached to this role
```";"```hcl
# IAM Role without AdministratorAccess
resource ""aws_iam_role"" ""<example_resource_name>"" {
  assume_role_policy = <<POLICY
{
  ""Version"": ""2012-10-17"",
  ""Statement"": [{
    ""Effect"": ""Allow"",
    ""Principal"": {""Service"": ""ec2.amazonaws.com""},
    ""Action"": ""sts:AssumeRole""
  }]
}
POLICY

  managed_policy_arns = [] # Critical: ensures ""AdministratorAccess"" is NOT attached
}
```";aws iam detach-role-policy --role-name <ROLE_NAME> --policy-arn arn:aws:iam::aws:policy/AdministratorAccess;"1. In the AWS Console, go to IAM > Roles
2. Select the role flagged by the check
3. On the Permissions tab, under Attached policies, find ""AdministratorAccess""
4. Click Detach next to ""AdministratorAccess""
5. Confirm the detach";SecNumCloud-3.2: 9.3 | AWS-Foundational-Technical-Review: IAM-0012 | CCC-v2025.10: CCC.Core.CN05.AR01, CCC.Core.CN05.AR02, CCC.Vector.CN02.AR01 | KISA-ISMS-P-2023: 2.5.1, 2.5.5, 2.5.6, 2.10.2 | NIST-CSF-2.0: rr_1, rr_2, po_1, ac_1, ac_4 | NIS2: 1.2.1, 11.3.1 | C5-2025: OIS-02.01B, OIS-04.03B, SP-01.04B, HR-01.01B, HR-04.01B, IAM-01.01B, IAM-01.04B, IAM-03.01B, IAM-06.01B, IAM-10.01B | KISA-ISMS-P-2023-korean: 2.5.1, 2.5.5, 2.5.6, 2.10.2 | AWS-AI-Security-Framework-1.0: AISF-IAM-02;identity-access;;;CAF Security Epic: IAM;5.40.0;https://docs.aws.amazon.com/IAM/latest/UserGuide/access_policies_job-functions.html#jf_administrator | https://docs.aws.amazon.com/IAM/latest/UserGuide/best-practices.html#grant-least-privilege;;
profile: None;2026-09-02 05:33:48.082860;010603499647;;;;;;prowler-aws-iam_role_cross_account_readonlyaccess_policy-010603499647-eu-north-1-CloudLabDeploymentRole;aws;iam_role_cross_account_readonlyaccess_policy;IAM role does not grant ReadOnlyAccess to external AWS accounts;Software and Configuration Checks/AWS Security Best Practices | Software and Configuration Checks/Industry and Regulatory Standards/AWS Foundational Security Best Practices | TTPs/Initial Access/Unauthorized Access | Effects/Data Exposure;PASS;IAM Role CloudLabDeploymentRole does not have ReadOnlyAccess policy.;False;iam;;high;AwsIamRole;arn:aws:iam::010603499647:role/CloudLabDeploymentRole;CloudLabDeploymentRole;;;aws;eu-north-1;**IAM roles** are assessed for the AWS-managed **ReadOnlyAccess** policy combined with a trust policy that allows **external AWS principals** or `*`. This identifies roles that expose broad read permissions to other accounts.;Granting **cross-account read access** can expose sensitive data and metadata, impacting **confidentiality**. External principals can read S3/DynamoDB contents and enumerate resources, policies, and logs, enabling targeted recon and easier **privilege escalation** paths.;;Avoid attaching `ReadOnlyAccess` to roles trusted by other accounts. Apply **least privilege** with custom, tightly scoped policies. Restrict trust to explicit principals, avoid `*`, and use conditions like `aws:PrincipalOrgID` and `sts:ExternalId` for **defense in depth**.;https://hub.prowler.com/check/iam_role_cross_account_readonlyaccess_policy;"```yaml
# CloudFormation snippet to prevent cross-account access on a role
Resources:
  <example_resource_name>:
    Type: AWS::IAM::Role
    Properties:
      AssumeRolePolicyDocument:
        Version: '2012-10-17'
        Statement:
          - Effect: Allow
            Principal:
              AWS: arn:aws:iam::<example_account_id>:root  # Critical: restrict trust to this account only to avoid cross-account access
            Action: sts:AssumeRole
```";"```hcl
# Terraform snippet to prevent cross-account access on a role
resource ""aws_iam_role"" ""<example_resource_name>"" {
  name = ""<example_resource_name>""

  assume_role_policy = jsonencode({
    Version = ""2012-10-17""
    Statement = [{
      Effect = ""Allow""
      Principal = {
        AWS = ""arn:aws:iam::<example_account_id>:root"" # Critical: trust only the same account to avoid cross-account access
      }
      Action = ""sts:AssumeRole""
    }]
  })
}
```";aws iam detach-role-policy --role-name <ROLE_NAME> --policy-arn arn:aws:iam::aws:policy/ReadOnlyAccess;"1. Open the AWS Management Console > IAM > Roles
2. Select the role granting external access
3. On the Permissions tab, locate the policy ReadOnlyAccess
4. Click Detach policy and confirm
5. Verify the role no longer lists ReadOnlyAccess";ASD-Essential-Eight-Nov 2023: E8-4.4 | AWS-Foundational-Technical-Review: IAM-0012 | CCC-v2025.10: CCC.Core.CN05.AR01, CCC.Core.CN05.AR03, CCC.Core.CN05.AR06, CCC.IAM.CN03.AR01, CCC.IAM.CN03.AR02 | KISA-ISMS-P-2023: 2.5.1, 2.5.6, 2.10.2 | NIST-CSF-2.0: rr_2, am_6, ac_6 | MITRE-ATTACK: T1078 | C5-2025: OIS-04.03B, IAM-01.01B, IAM-01.04B, IAM-06.02B, IAM-10.01B, PSS-09.01AC | KISA-ISMS-P-2023-korean: 2.5.1, 2.5.6, 2.10.2 | AWS-AI-Security-Framework-1.0: AISF-IAM-05;trust-boundaries | identity-access;;;CAF Security Epic: IAM;5.40.0;https://docs.aws.amazon.com/IAM/latest/UserGuide/access_policies_job-functions.html#awsmp_readonlyaccess | https://support.icompaas.com/support/solutions/articles/62000233802-ensure-iam-roles-do-not-have-readonlyaccess-access-for-external-aws-accounts;;
profile: None;2026-09-02 05:33:48.082860;010603499647;;;;;;prowler-aws-iam_role_cross_service_confused_deputy_prevention-010603499647-eu-north-1-cloud-security-autoremediation-config;aws;iam_role_cross_service_confused_deputy_prevention;IAM service role prevents cross-service confused deputy attack;Software and Configuration Checks/AWS Security Best Practices | TTPs/Privilege Escalation;FAIL;IAM Service Role cloud-security-autoremediation-config does not prevent against a cross-service confused deputy attack.;False;iam;;high;AwsIamRole;arn:aws:iam::010603499647:role/cloud-security-autoremediation-config;cloud-security-autoremediation-config;;Purpose=aws-config | Project=cloud-security-autoremediation;aws;eu-north-1;**IAM service role** trust policies restrict **AWS service principals** to expected sources using global condition keys like `aws:SourceArn` or `aws:SourceAccount`, avoiding overly broad `sts:AssumeRole` trust relationships.;"Unrestricted service-principal trust lets outsiders trigger a **cross-service confused deputy**, causing unintended `sts:AssumeRole`.
This can enable data exfiltration, unauthorized changes, and lateral movement, impacting **confidentiality** and **integrity**.";;Constrain service-role trust to expected callers using `aws:SourceArn`/`aws:SourceAccount` to bind service principals to specific resources or accounts. If unsupported, apply equivalent limits in resource-based policies or org-level controls. Apply **least privilege** and review trust relationships regularly.;https://hub.prowler.com/check/iam_role_cross_service_confused_deputy_prevention;"```yaml
# CloudFormation: IAM role trust policy with confused deputy protection
Resources:
  <example_resource_name>:
    Type: AWS::IAM::Role
    Properties:
      AssumeRolePolicyDocument:
        Version: '2012-10-17'
        Statement:
          - Effect: Allow
            Principal:
              Service: <service>.amazonaws.com
            Action: sts:AssumeRole
            Condition:
              StringEquals:
                aws:SourceAccount: <ACCOUNT_ID>  # CRITICAL: restricts the service to calls from this account to prevent cross-service confused deputy
```";"```hcl
# IAM role trust policy with confused deputy protection
resource ""aws_iam_role"" ""<example_resource_name>"" {
  name = ""<example_resource_name>""

  # CRITICAL: Condition restricts service to this account to prevent cross-service confused deputy
  assume_role_policy = jsonencode({
    Version = ""2012-10-17""
    Statement = [
      {
        Effect    = ""Allow""
        Principal = { Service = ""<service>.amazonaws.com"" }
        Action    = ""sts:AssumeRole""
        Condition = {
          StringEquals = { ""aws:SourceAccount"" = ""<ACCOUNT_ID>"" }
        }
      }
    ]
  })
}
```";"aws iam update-assume-role-policy --role-name <example_resource_name> --policy-document '{""Version"":""2012-10-17"",""Statement"":[{""Effect"":""Allow"",""Principal"":{""Service"":""<service>.amazonaws.com""},""Action"":""sts:AssumeRole"",""Condition"":{""StringEquals"":{""aws:SourceAccount"":""<ACCOUNT_ID>""}}}]}'";"1. In the AWS console, go to IAM > Roles
2. Open <example_resource_name> and select the Trust relationships tab
3. Click Edit trust policy
4. In the statement for Principal Service ""<service>.amazonaws.com"", add a Condition block:
   - StringEquals: aws:SourceAccount = <ACCOUNT_ID>
5. Save changes
6. Re-run the check to confirm the role now prevents cross-service confused deputy attacks";ASD-Essential-Eight-Nov 2023: E8-4.4 | AWS-Foundational-Technical-Review: IAM-0012 | AWS-Well-Architected-Framework-Security-Pillar: SEC02-BP04 | CCC-v2025.10: CCC.Core.CN05.AR01, CCC.Core.CN05.AR03, CCC.Core.CN05.AR06, CCC.IAM.CN03.AR01, CCC.IAM.CN03.AR02 | KISA-ISMS-P-2023: 2.5.1, 2.5.6, 2.10.2 | ENS-RD2022: op.exp.8.r4.aws.ct.8, op.exp.8.r4.aws.ct.1 | MITRE-ATTACK: T1078 | NIS2: 3.1.2.c, 6.8.2.a | C5-2025: IAM-01.01B, IAM-01.04B | AWS-Account-Security-Onboarding: Predefine IAM Roles | KISA-ISMS-P-2023-korean: 2.5.1, 2.5.6, 2.10.2 | AWS-AI-Security-Framework-1.0: AISF-IAM-05;identity-access | trust-boundaries;;;;5.40.0;https://docs.aws.amazon.com/IAM/latest/UserGuide/confused-deputy.html | https://aws.amazon.com/blogs/security/how-to-set-up-least-privilege-access-to-your-encrypted-amazon-sqs-queue/ | https://docs.aws.amazon.com/IAM/latest/UserGuide/confused-deputy.html#cross-service-confused-deputy-prevention | https://docs.aws.amazon.com/textract/latest/dg/cross-service-confused-deputy-prevention.html;;
profile: None;2026-09-02 05:33:48.082860;010603499647;;;;;;prowler-aws-iam_role_cross_service_confused_deputy_prevention-010603499647-eu-north-1-cloud-security-autoremediation-remediation-lambda;aws;iam_role_cross_service_confused_deputy_prevention;IAM service role prevents cross-service confused deputy attack;Software and Configuration Checks/AWS Security Best Practices | TTPs/Privilege Escalation;FAIL;IAM Service Role cloud-security-autoremediation-remediation-lambda does not prevent against a cross-service confused deputy attack.;False;iam;;high;AwsIamRole;arn:aws:iam::010603499647:role/cloud-security-autoremediation-remediation-lambda;cloud-security-autoremediation-remediation-lambda;;Project=cloud-security-autoremediation | Purpose=security-remediation;aws;eu-north-1;**IAM service role** trust policies restrict **AWS service principals** to expected sources using global condition keys like `aws:SourceArn` or `aws:SourceAccount`, avoiding overly broad `sts:AssumeRole` trust relationships.;"Unrestricted service-principal trust lets outsiders trigger a **cross-service confused deputy**, causing unintended `sts:AssumeRole`.
This can enable data exfiltration, unauthorized changes, and lateral movement, impacting **confidentiality** and **integrity**.";;Constrain service-role trust to expected callers using `aws:SourceArn`/`aws:SourceAccount` to bind service principals to specific resources or accounts. If unsupported, apply equivalent limits in resource-based policies or org-level controls. Apply **least privilege** and review trust relationships regularly.;https://hub.prowler.com/check/iam_role_cross_service_confused_deputy_prevention;"```yaml
# CloudFormation: IAM role trust policy with confused deputy protection
Resources:
  <example_resource_name>:
    Type: AWS::IAM::Role
    Properties:
      AssumeRolePolicyDocument:
        Version: '2012-10-17'
        Statement:
          - Effect: Allow
            Principal:
              Service: <service>.amazonaws.com
            Action: sts:AssumeRole
            Condition:
              StringEquals:
                aws:SourceAccount: <ACCOUNT_ID>  # CRITICAL: restricts the service to calls from this account to prevent cross-service confused deputy
```";"```hcl
# IAM role trust policy with confused deputy protection
resource ""aws_iam_role"" ""<example_resource_name>"" {
  name = ""<example_resource_name>""

  # CRITICAL: Condition restricts service to this account to prevent cross-service confused deputy
  assume_role_policy = jsonencode({
    Version = ""2012-10-17""
    Statement = [
      {
        Effect    = ""Allow""
        Principal = { Service = ""<service>.amazonaws.com"" }
        Action    = ""sts:AssumeRole""
        Condition = {
          StringEquals = { ""aws:SourceAccount"" = ""<ACCOUNT_ID>"" }
        }
      }
    ]
  })
}
```";"aws iam update-assume-role-policy --role-name <example_resource_name> --policy-document '{""Version"":""2012-10-17"",""Statement"":[{""Effect"":""Allow"",""Principal"":{""Service"":""<service>.amazonaws.com""},""Action"":""sts:AssumeRole"",""Condition"":{""StringEquals"":{""aws:SourceAccount"":""<ACCOUNT_ID>""}}}]}'";"1. In the AWS console, go to IAM > Roles
2. Open <example_resource_name> and select the Trust relationships tab
3. Click Edit trust policy
4. In the statement for Principal Service ""<service>.amazonaws.com"", add a Condition block:
   - StringEquals: aws:SourceAccount = <ACCOUNT_ID>
5. Save changes
6. Re-run the check to confirm the role now prevents cross-service confused deputy attacks";ASD-Essential-Eight-Nov 2023: E8-4.4 | AWS-Foundational-Technical-Review: IAM-0012 | AWS-Well-Architected-Framework-Security-Pillar: SEC02-BP04 | CCC-v2025.10: CCC.Core.CN05.AR01, CCC.Core.CN05.AR03, CCC.Core.CN05.AR06, CCC.IAM.CN03.AR01, CCC.IAM.CN03.AR02 | KISA-ISMS-P-2023: 2.5.1, 2.5.6, 2.10.2 | ENS-RD2022: op.exp.8.r4.aws.ct.8, op.exp.8.r4.aws.ct.1 | MITRE-ATTACK: T1078 | NIS2: 3.1.2.c, 6.8.2.a | C5-2025: IAM-01.01B, IAM-01.04B | AWS-Account-Security-Onboarding: Predefine IAM Roles | KISA-ISMS-P-2023-korean: 2.5.1, 2.5.6, 2.10.2 | AWS-AI-Security-Framework-1.0: AISF-IAM-05;identity-access | trust-boundaries;;;;5.40.0;https://docs.aws.amazon.com/IAM/latest/UserGuide/confused-deputy.html | https://aws.amazon.com/blogs/security/how-to-set-up-least-privilege-access-to-your-encrypted-amazon-sqs-queue/ | https://docs.aws.amazon.com/IAM/latest/UserGuide/confused-deputy.html#cross-service-confused-deputy-prevention | https://docs.aws.amazon.com/textract/latest/dg/cross-service-confused-deputy-prevention.html;;
profile: None;2026-09-02 05:33:48.082860;010603499647;;;;;;prowler-aws-iam_root_hardware_mfa_enabled-010603499647-eu-north-1-<root_account>;aws;iam_root_hardware_mfa_enabled;Root account has a hardware MFA device enabled;Software and Configuration Checks/AWS Security Best Practices | Software and Configuration Checks/Industry and Regulatory Standards/AWS Foundational Security Best Practices | Software and Configuration Checks/Industry and Regulatory Standards/CIS AWS Foundations Benchmark;FAIL;Root account has a virtual MFA instead of a hardware MFA device enabled.;False;iam;;critical;AwsIamUser;arn:aws:iam::010603499647:mfa;<root_account>;;;aws;eu-north-1;**AWS root user** credentials are assessed for **MFA status** and device type. The check detects whether MFA is absent or implemented with a **virtual device** instead of **hardware MFA** on the root user, and notes when centralized root credential management is in effect.;"Without **hardware MFA** on the root user:
- No MFA: stolen password/keys enable full account takeover.
- Virtual MFA: device compromise or backup restoration weakens second-factor assurance.
An attacker could delete resources, change policies, and disable logging, harming **confidentiality**, **integrity**, and **availability**.";;Require a **hardware MFA token** for the root user and remove any virtual MFA. Apply **least privilege**: avoid using root, disable access keys, and eliminate long-term credentials. In organizations, **centralize root management**. Keep a controlled break-glass process with strict recovery checks and continuous monitoring.;https://hub.prowler.com/check/iam_root_hardware_mfa_enabled;;;;"1. Sign in to the AWS Management Console as the root user
2. Open My Security Credentials: https://console.aws.amazon.com/iam/home?#/security_credentials
3. In the Multi-factor authentication (MFA) section, choose Activate/Assign MFA
4. Select a hardware option (Security key or Hardware TOTP token) and complete the prompts (for TOTP: enter the device serial and two consecutive codes)
5. After the hardware MFA is added, locate any Virtual MFA device listed for root and Deactivate/Remove it
6. Confirm only the hardware MFA remains assigned";ASD-Essential-Eight-Nov 2023: E8-3.1, E8-3.7 | CIS-4.0.1: 1.6 | FedRAMP-Low-Revision-4: ac-2, ia-2 | SecNumCloud-3.2: 9.6 | AWS-Foundational-Technical-Review: ARC-003, IAM-001, IAM-0012 | FedRamp-Moderate-Revision-4: ac-2-1, ac-2-f, ia-2-1-2, ia-2-1 | NIST-800-53-Revision-5: ac_2_1, ac_3_2, ac_3_3, ac_3_3_a, ac_3_3_b_1, ac_3_3_b_2, ac_3_3_b_3, ac_3_3_b_4, ac_3_3_b_5, ac_3_3_c, ac_3_4, ac_3_4_a, ac_3_4_b, ac_3_4_c, ac_3_4_d, ac_3_4_e, ac_3_8, ac_3_12_a, ac_3_13, ac_3_15_a, ac_3_15_b, ac_4_28, ac_7_4, ac_7_4_a, ac_24, cm_5_1_a, cm_6_a, cm_9_b, ia_2_1, ia_2_2, ia_2_6, ia_2_6_a, ia_2_8, sc_23_3 | FFIEC: d3-pc-am-b-15, d3-pc-am-b-3, d3-pc-am-b-6 | CIS-6.0: 2.5 | CIS-3.0: 1.6 | NIST-800-171-Revision-2: 3_1_1, 3_1_2, 3_5_3 | AWS-Well-Architected-Framework-Security-Pillar: SEC01-BP02 | NIST-CSF-1.1: ac_3, ac_7 | CCC-v2025.10: CCC.Core.CN03.AR01, CCC.Core.CN03.AR03, CCC.Core.CN05.AR02, CCC.Core.CN05.AR06 | CIS-1.5: 1.6 | AWS-Audit-Manager-Control-Tower-Guardrails: 3.0.3 | CIS-7.0: 2.6 | KISA-ISMS-P-2023: 2.5.3, 2.5.5, 2.10.2 | ENS-RD2022: op.acc.6.r4.aws.iam.1 | GxP-21-CFR-Part-11: 11.10-d, 11.10-g, 11.200 | PCI-4.0: 8.4.1.3, 8.4.2.3, 8.4.3.3 | CIS-5.0: 1.5 | FedRAMP-20x-KSI-Low-25.05C: ksi-iam | NIST-800-53-Revision-4: ia_2_1, ia_2_11 | MITRE-ATTACK: T1078, T1098, T1556, T1550, T1110, T1040 | CIS-1.4: 1.6 | NIS2: 11.6.1, 11.7.2 | CISA: your-systems-3, your-surroundings-2 | C5-2025: OPS-16.01B, IAM-08.05B, IAM-09.02B, IAM-09.01AC, PSS-05.01B, PSS-07.02B | CIS-2.0: 1.6 | GDPR: article_25 | AWS-Foundational-Security-Best-Practices: IAM.6 | AWS-Account-Security-Onboarding: Root user - distribution email + MFA | ProwlerThreatScore-1.0: 1.1.2 | HIPAA: 164_308_a_3_ii_a, 164_312_d | KISA-ISMS-P-2023-korean: 2.5.3, 2.5.5, 2.10.2 | AWS-AI-Security-Framework-1.0: AISF-IAM-01;identity-access;;;;5.40.0;https://www.trendmicro.com/trendaivisiononecloudriskmanagement/knowledge-base/aws/IAM/root-hardware-mfa.html | https://docs.aws.amazon.com/IAM/latest/UserGuide/id_root-user.html#id_root-user_manage_mfa;;
profile: None;2026-09-02 05:33:48.082860;010603499647;;;;;;prowler-aws-iam_root_mfa_enabled-010603499647-eu-north-1-<root_account>;aws;iam_root_mfa_enabled;Root account has MFA enabled;Software and Configuration Checks/AWS Security Best Practices | Software and Configuration Checks/Industry and Regulatory Standards/AWS Foundational Security Best Practices | Software and Configuration Checks/Industry and Regulatory Standards/CIS AWS Foundations Benchmark;PASS;MFA is enabled for root account.;False;iam;;critical;AwsIamUser;arn:aws:iam::010603499647:root;<root_account>;;;aws;eu-north-1;"**AWS root user** with active credentials is assessed for **MFA activation**. The evaluation considers whether the root identity has a password or access keys and whether **MFA is enabled**.

*If centralized root access is enabled in Organizations, the presence of individual root credentials is also noted.*";Without **MFA**, compromise of the root password or access keys can lead to full **account takeover**. An attacker with root can disable protections, steal or delete data, change billing, and create persistent admins, undermining confidentiality, integrity, and availability.;;Enable **MFA** for the root user, preferably **hardware-based** or a dedicated, managed device. Remove root access keys and avoid using root for daily tasks. Apply **least privilege** with IAM Identity Center for admins, and use Organizations to **centralize root access** and eliminate long-lived root credentials.;https://hub.prowler.com/check/iam_root_mfa_enabled;;;;"1. Sign in to the AWS Management Console as the root user (choose ""Sign in as root user"" and enter the account email)
2. Open the account menu (top right) and click ""Security credentials""
3. In ""Multi-factor authentication (MFA)"", choose ""Assign MFA device"" (or ""Activate MFA"")
4. Select ""Authenticator app"" and click ""Next""
5. Scan the QR code with your authenticator app and enter two consecutive MFA codes
6. Click ""Add MFA"" (or ""Assign MFA"") to complete";ASD-Essential-Eight-Nov 2023: E8-3.1 | CIS-4.0.1: 1.5 | FedRAMP-Low-Revision-4: ac-2, ia-2 | SecNumCloud-3.2: 9.5 | AWS-Foundational-Technical-Review: ARC-003, IAM-001, IAM-0012 | FedRamp-Moderate-Revision-4: ac-2-1, ac-2-f, ac-2-j, ia-2-1-2, ia-2-1 | NIST-800-53-Revision-5: ac_2_1, ac_3_2, ac_3_3, ac_3_3_a, ac_3_3_b_1, ac_3_3_b_2, ac_3_3_b_3, ac_3_3_b_4, ac_3_3_b_5, ac_3_3_c, ac_3_4, ac_3_4_a, ac_3_4_b, ac_3_4_c, ac_3_4_d, ac_3_4_e, ac_3_8, ac_3_12_a, ac_3_13, ac_3_15_a, ac_3_15_b, ac_4_28, ac_7_4, ac_7_4_a, ac_24, cm_6_a, cm_9_b, ia_2_1, ia_2_2, ia_2_6, ia_2_6_a, ia_2_8, sc_23_3 | FFIEC: d3-pc-am-b-15, d3-pc-am-b-3, d3-pc-am-b-6 | CIS-6.0: 2.4 | CIS-3.0: 1.5 | NIST-800-171-Revision-2: 3_1_1, 3_1_2, 3_5_2, 3_5_3 | AWS-Well-Architected-Framework-Security-Pillar: SEC01-BP02 | ISO27001-2022: A.5.15, A.5.17, A.8.5 | NIST-CSF-1.1: ac_3, ac_7 | CCC-v2025.10: CCC.Core.CN03.AR01, CCC.Core.CN03.AR03, CCC.Core.CN05.AR02, CCC.Core.CN05.AR06 | CIS-1.5: 1.5 | AWS-Audit-Manager-Control-Tower-Guardrails: 3.0.1, 3.0.2, 3.0.3 | CIS-7.0: 2.5 | KISA-ISMS-P-2023: 2.5.3, 2.5.5, 2.10.2 | ENS-RD2022: op.acc.6.r2.aws.iam.1 | ISO27001-2013: A.9.2.K, A.9.4.K | GxP-21-CFR-Part-11: 11.10-d, 11.10-g, 11.200 | PCI-4.0: 8.4.1.4, 8.4.2.4, 8.4.3.4 | CIS-5.0: 1.4 | FedRAMP-20x-KSI-Low-25.05C: ksi-iam | NIST-CSF-2.0: rr_1, po_4, ac_1, ac_6, ac_7, ip_1 | NIST-800-53-Revision-4: ac_2, ia_2_1, ia_2_11 | MITRE-ATTACK: T1078, T1098, T1556, T1550, T1110, T1040 | CIS-1.4: 1.5 | NIS2: 11.3.2.a, 11.6.1, 11.7.2 | CISA: your-systems-3, your-surroundings-2, booting-up-thing-to-do-first-2 | C5-2025: OPS-16.01B, IAM-04.06B, IAM-06.09B, IAM-08.05B, IAM-09.02B, IAM-09.01AC, PSS-05.01B, PSS-05.02B, PSS-07.02B | CIS-2.0: 1.5 | GDPR: article_25 | AWS-Foundational-Security-Best-Practices: IAM.9 | AWS-Account-Security-Onboarding: Root user - distribution email + MFA | ProwlerThreatScore-1.0: 1.1.1 | HIPAA: 164_308_a_3_ii_a, 164_312_d | KISA-ISMS-P-2023-korean: 2.5.3, 2.5.5, 2.10.2 | AWS-AI-Security-Framework-1.0: AISF-IAM-01;identity-access;;;;5.40.0;https://docs.aws.amazon.com/IAM/latest/UserGuide/id_root-user.html#id_root-user_manage_mfa;;
profile: None;2026-09-02 05:33:48.082860;010603499647;;;;;;prowler-aws-iam_rotate_access_key_90_days-010603499647-eu-north-1-<root_account>;aws;iam_rotate_access_key_90_days;IAM user does not have active access keys older than 90 days;Software and Configuration Checks/AWS Security Best Practices | Software and Configuration Checks/Industry and Regulatory Standards/AWS Foundational Security Best Practices | Software and Configuration Checks/Industry and Regulatory Standards/CIS AWS Foundations Benchmark;PASS;User <root_account> does not have access keys.;False;iam;;medium;AwsIamUser;arn:aws:iam::010603499647:root;<root_account>;;;aws;eu-north-1;"**IAM user access keys** are assessed via the credential report. For each active key, the `last_rotated` timestamp is compared to `90 days`; keys exceeding this age are identified. Users without keys or with only recent rotations are noted.";Long-lived access keys widen the attack window. If a key is leaked in code, logs, or tooling, lack of rotation keeps it valid for abuse, enabling unauthorized API calls, data exfiltration, and tampering. This degrades **confidentiality** and **integrity** and can impact **availability** and cost through destructive or excessive operations.;;"Apply **least privilege** and limit static credentials:
- Rotate active access keys at or before `90 days`
- Prefer **IAM roles** with short-lived tokens
- Maintain only one active key during rotation; delete the old one
- Monitor `last_used` and remove dormant keys
- Automate alerts and periodic reviews of key age";https://hub.prowler.com/check/iam_rotate_access_key_90_days;;"```hcl
resource ""aws_iam_access_key"" ""<example_resource_name>"" {
  user   = ""<example_resource_name>""
  status = ""Inactive"" # Critical: disables the access key to ensure no active key is older than 90 days
}
```";aws iam update-access-key --user-name <USER_NAME> --access-key-id <ACCESS_KEY_ID> --status Inactive;"1. Open the IAM console and go to Users
2. Select the affected user
3. Open the Security credentials tab
4. Under Access keys, find any key older than 90 days
5. Click Actions > Deactivate (or Delete) for that key
6. Repeat for any other active keys older than 90 days";CIS-4.0.1: 1.14 | FedRAMP-Low-Revision-4: ac-2 | SecNumCloud-3.2: 9.4 | AWS-Foundational-Technical-Review: IAM-002, IAM-0012 | FedRamp-Moderate-Revision-4: ac-2-1, ac-2-f, ac-2-j | NIST-800-53-Revision-5: ac_2_1, ac_3_3, ac_3_3_a, ac_3_3_b_1, ac_3_3_b_2, ac_3_3_b_3, ac_3_3_b_4, ac_3_3_b_5, ac_3_3_c, ac_3_4, ac_3_4_a, ac_3_4_b, ac_3_4_c, ac_3_4_d, ac_3_4_e, ac_3_8, ac_3_12_a, ac_3_13, ac_3_15_a, ac_3_15_b, ac_4_28, ac_24, cm_5_1_a, cm_6_a, cm_9_b, sc_23_3 | FFIEC: d3-pc-am-b-6 | CIS-6.0: 2.13 | CIS-3.0: 1.14 | AWS-Well-Architected-Framework-Security-Pillar: SEC02-BP02, SEC02-BP05 | ISO27001-2022: A.5.15 | NIST-CSF-1.1: ac_1 | CCC-v2025.10: CCC.IAM.CN06.AR01 | CIS-1.5: 1.14 | CIS-7.0: 2.12 | KISA-ISMS-P-2023: 2.7.2, 2.10.2 | ENS-RD2022: op.acc.6.aws.iam.2, op.acc.6.aws.iam.3 | ISO27001-2013: A.9.2.L, A.9.3.I, A.9.4.L | GxP-21-CFR-Part-11: 11.10-d, 11.10-g, 11.200, 11.300-b | PCI-4.0: 8.3.10.1.1, 8.3.5.1, 8.3.7.1, 8.3.9.1, 8.6.3.1 | CIS-5.0: 1.13 | FedRAMP-20x-KSI-Low-25.05C: ksi-iam, ksi-iam-07 | NIST-CSF-2.0: ac_6 | NIST-800-53-Revision-4: ac_2_1, ac_2 | MITRE-ATTACK: T1078, T1550, T1110 | CIS-1.4: 1.14 | NIS2: 1.1.1.d, 1.1.2, 2.1.4, 2.3.1, 3.1.3, 6.2.4, 9.2.c, 9.2.c.xii, 11.6.2.c | CISA: your-systems-3 | C5-2025: IAM-10.01B, CRY-03.01B, CRY-09.02B | CIS-2.0: 1.14 | GDPR: article_25 | AWS-Foundational-Security-Best-Practices: IAM.3 | ProwlerThreatScore-1.0: 1.1.11 | HIPAA: 164_308_a_3_ii_c, 164_308_a_4_ii_c, 164_308_a_5_ii_d | KISA-ISMS-P-2023-korean: 2.7.2, 2.10.2 | AWS-AI-Security-Framework-1.0: AISF-IAM-03;secrets;;;;5.40.0;https://docs.aws.amazon.com/IAM/latest/UserGuide/id_credentials_getting-report.html | https://www.trendmicro.com/trendaivisiononecloudriskmanagement/knowledge-base/aws/IAM/access-keys-rotated-90-days.html;;
profile: None;2026-09-02 05:33:48.082860;010603499647;;;;;;prowler-aws-iam_rotate_access_key_90_days-010603499647-eu-north-1-cloud-security-admin;aws;iam_rotate_access_key_90_days;IAM user does not have active access keys older than 90 days;Software and Configuration Checks/AWS Security Best Practices | Software and Configuration Checks/Industry and Regulatory Standards/AWS Foundational Security Best Practices | Software and Configuration Checks/Industry and Regulatory Standards/CIS AWS Foundations Benchmark;PASS;User cloud-security-admin does not have access keys older than 90 days.;False;iam;;medium;AwsIamUser;arn:aws:iam::010603499647:user/cloud-security-admin;cloud-security-admin;;;aws;eu-north-1;"**IAM user access keys** are assessed via the credential report. For each active key, the `last_rotated` timestamp is compared to `90 days`; keys exceeding this age are identified. Users without keys or with only recent rotations are noted.";Long-lived access keys widen the attack window. If a key is leaked in code, logs, or tooling, lack of rotation keeps it valid for abuse, enabling unauthorized API calls, data exfiltration, and tampering. This degrades **confidentiality** and **integrity** and can impact **availability** and cost through destructive or excessive operations.;;"Apply **least privilege** and limit static credentials:
- Rotate active access keys at or before `90 days`
- Prefer **IAM roles** with short-lived tokens
- Maintain only one active key during rotation; delete the old one
- Monitor `last_used` and remove dormant keys
- Automate alerts and periodic reviews of key age";https://hub.prowler.com/check/iam_rotate_access_key_90_days;;"```hcl
resource ""aws_iam_access_key"" ""<example_resource_name>"" {
  user   = ""<example_resource_name>""
  status = ""Inactive"" # Critical: disables the access key to ensure no active key is older than 90 days
}
```";aws iam update-access-key --user-name <USER_NAME> --access-key-id <ACCESS_KEY_ID> --status Inactive;"1. Open the IAM console and go to Users
2. Select the affected user
3. Open the Security credentials tab
4. Under Access keys, find any key older than 90 days
5. Click Actions > Deactivate (or Delete) for that key
6. Repeat for any other active keys older than 90 days";CIS-4.0.1: 1.14 | FedRAMP-Low-Revision-4: ac-2 | SecNumCloud-3.2: 9.4 | AWS-Foundational-Technical-Review: IAM-002, IAM-0012 | FedRamp-Moderate-Revision-4: ac-2-1, ac-2-f, ac-2-j | NIST-800-53-Revision-5: ac_2_1, ac_3_3, ac_3_3_a, ac_3_3_b_1, ac_3_3_b_2, ac_3_3_b_3, ac_3_3_b_4, ac_3_3_b_5, ac_3_3_c, ac_3_4, ac_3_4_a, ac_3_4_b, ac_3_4_c, ac_3_4_d, ac_3_4_e, ac_3_8, ac_3_12_a, ac_3_13, ac_3_15_a, ac_3_15_b, ac_4_28, ac_24, cm_5_1_a, cm_6_a, cm_9_b, sc_23_3 | FFIEC: d3-pc-am-b-6 | CIS-6.0: 2.13 | CIS-3.0: 1.14 | AWS-Well-Architected-Framework-Security-Pillar: SEC02-BP02, SEC02-BP05 | ISO27001-2022: A.5.15 | NIST-CSF-1.1: ac_1 | CCC-v2025.10: CCC.IAM.CN06.AR01 | CIS-1.5: 1.14 | CIS-7.0: 2.12 | KISA-ISMS-P-2023: 2.7.2, 2.10.2 | ENS-RD2022: op.acc.6.aws.iam.2, op.acc.6.aws.iam.3 | ISO27001-2013: A.9.2.L, A.9.3.I, A.9.4.L | GxP-21-CFR-Part-11: 11.10-d, 11.10-g, 11.200, 11.300-b | PCI-4.0: 8.3.10.1.1, 8.3.5.1, 8.3.7.1, 8.3.9.1, 8.6.3.1 | CIS-5.0: 1.13 | FedRAMP-20x-KSI-Low-25.05C: ksi-iam, ksi-iam-07 | NIST-CSF-2.0: ac_6 | NIST-800-53-Revision-4: ac_2_1, ac_2 | MITRE-ATTACK: T1078, T1550, T1110 | CIS-1.4: 1.14 | NIS2: 1.1.1.d, 1.1.2, 2.1.4, 2.3.1, 3.1.3, 6.2.4, 9.2.c, 9.2.c.xii, 11.6.2.c | CISA: your-systems-3 | C5-2025: IAM-10.01B, CRY-03.01B, CRY-09.02B | CIS-2.0: 1.14 | GDPR: article_25 | AWS-Foundational-Security-Best-Practices: IAM.3 | ProwlerThreatScore-1.0: 1.1.11 | HIPAA: 164_308_a_3_ii_c, 164_308_a_4_ii_c, 164_308_a_5_ii_d | KISA-ISMS-P-2023-korean: 2.7.2, 2.10.2 | AWS-AI-Security-Framework-1.0: AISF-IAM-03;secrets;;;;5.40.0;https://docs.aws.amazon.com/IAM/latest/UserGuide/id_credentials_getting-report.html | https://www.trendmicro.com/trendaivisiononecloudriskmanagement/knowledge-base/aws/IAM/access-keys-rotated-90-days.html;;
profile: None;2026-09-02 05:33:48.082860;010603499647;;;;;;prowler-aws-iam_securityaudit_role_created-010603499647-eu-north-1-SecurityAudit;aws;iam_securityaudit_role_created;At least one IAM role has the SecurityAudit AWS managed policy attached;Software and Configuration Checks/AWS Security Best Practices | Software and Configuration Checks/Industry and Regulatory Standards/AWS Foundational Security Best Practices | Software and Configuration Checks/Industry and Regulatory Standards/CIS AWS Foundations Benchmark;FAIL;SecurityAudit policy is not attached to any role.;False;iam;;low;AwsIamPolicy;arn:aws:iam::aws:policy/SecurityAudit;SecurityAudit;;;aws;eu-north-1;**IAM roles** with the AWS managed `SecurityAudit` policy (`arn:aws:iam::aws:policy/SecurityAudit`) are identified. The focus is on whether a role exists that grants read-only visibility into security-relevant configuration across AWS services.;Without a dedicated **read-only audit role**, security teams lack safe visibility into configs and logs, enabling **undetected misconfigurations**, slower incident triage, and reliance on over-privileged access. This erodes **confidentiality** and **integrity** by letting exposure persist unnoticed.;;Establish a dedicated **audit role** and attach the AWS managed `SecurityAudit` policy. Enforce **least privilege** and **separation of duties**: restrict who can assume it, require **MFA**, monitor usage, and avoid write permissions. Prefer **federated access** and regularly review and rotate access.;https://hub.prowler.com/check/iam_securityaudit_role_created;"```yaml
# CloudFormation: create a minimal IAM role with SecurityAudit attached
Resources:
  <example_resource_name>:
    Type: AWS::IAM::Role
    Properties:
      AssumeRolePolicyDocument:
        Version: '2012-10-17'
        Statement:
          - Effect: Allow
            Principal:
              AWS: arn:aws:iam::<example_account_id>:root
            Action: sts:AssumeRole
      ManagedPolicyArns:
        - arn:aws:iam::aws:policy/SecurityAudit  # CRITICAL: attaches the AWS managed SecurityAudit policy to this role, satisfying the check
```";"```hcl
# Minimal IAM role plus attachment of the AWS managed SecurityAudit policy
resource ""aws_iam_role"" ""example"" {
  name               = ""<example_resource_name>""
  assume_role_policy = <<POLICY
{
  ""Version"": ""2012-10-17"",
  ""Statement"": [
    {
      ""Effect"": ""Allow"",
      ""Principal"": { ""AWS"": ""arn:aws:iam::<example_account_id>:root"" },
      ""Action"": ""sts:AssumeRole""
    }
  ]
}
POLICY
}

resource ""aws_iam_role_policy_attachment"" ""security_audit"" {
  role       = aws_iam_role.example.name
  policy_arn = ""arn:aws:iam::aws:policy/SecurityAudit"" # CRITICAL: attaches SecurityAudit to the role to pass the check
}
```";aws iam attach-role-policy --role-name <example_resource_name> --policy-arn arn:aws:iam::aws:policy/SecurityAudit;"1. In the AWS Console, go to IAM > Roles
2. Open any existing role that is appropriate for read-only security auditing
3. Click ""Add permissions"" > ""Attach policies""
4. Search for ""SecurityAudit"", check the box for the AWS managed policy named SecurityAudit
5. Click ""Add permissions"" to attach the policy (the account now has at least one role with SecurityAudit attached)";ISO27001-2022: A.5.3 | KISA-ISMS-P-2023: 2.5.1, 2.5.5, 2.5.6, 2.10.2 | ENS-RD2022: op.acc.3.r2.aws.iam.1 | NIS2: 1.2.4, 2.1.1, 2.1.2.a, 2.1.2.e, 2.1.2.f, 2.2.1, 2.3.1, 3.1.2.c, 3.1.3, 6.2.2.a, 7.2.d, 7.2.e, 7.2.f | C5-2025: OIS-02.01B, OIS-02.02B, OIS-04.01B, HR-04.01B, IAM-01.01B, IAM-01.04B, IAM-05.02B, IAM-06.06B, DEV-15.01B, SIM-01.02B, SIM-01.03B, COM-02.02B, COM-03.02B, INQ-02.01B, PSS-09.01AC | KISA-ISMS-P-2023-korean: 2.5.1, 2.5.5, 2.5.6, 2.10.2;identity-access;;;;5.40.0;https://docs.aws.amazon.com/aws-managed-policy/latest/reference/SecurityAudit.html | https://docs.aws.amazon.com/IAM/latest/UserGuide/access_policies_job-functions.html#jf_security-auditor | https://docs.aws.amazon.com/IAM/latest/UserGuide/iam_example_iam_AttachRolePolicy_section.html;;
profile: None;2026-09-02 05:33:48.082860;010603499647;;;;;;prowler-aws-iam_support_role_created-010603499647-eu-north-1-010603499647;aws;iam_support_role_created;At least one IAM role has the AWSSupportAccess managed policy attached;Software and Configuration Checks/Industry and Regulatory Standards/CIS AWS Foundations Benchmark;FAIL;AWS Support Access policy is not attached to any role.;False;iam;;low;AwsIamRole;arn:aws:iam::aws:policy/AWSSupportAccess;010603499647;;;aws;eu-north-1;Presence of an **IAM role** that has the AWS managed `AWSSupportAccess` policy attached, designating a support role for interacting with **AWS Support Center** and related tooling.;"Without a dedicated support role:
- Case creation and escalation can be delayed, prolonging outages (**availability**)
- Teams may use admin/root, increasing blast radius (**confidentiality/integrity**)
- Audit trails of support actions are weaker, hindering investigations";;"Create a dedicated IAM role for AWS Support with `AWSSupportAccess` and:
- Restrict who can assume it; require MFA and time-bound access
- Enforce **least privilege** and **separation of duties**
- Monitor usage via audit logs and review assignments regularly";https://hub.prowler.com/check/iam_support_role_created;"```yaml
# CloudFormation: create a role with AWS Support access
Resources:
  ExampleRole:
    Type: AWS::IAM::Role
    Properties:
      AssumeRolePolicyDocument:
        Version: '2012-10-17'
        Statement:
          - Effect: Allow
            Principal:
              AWS: arn:aws:iam::<example_account_id>:user/<example_resource_name>
            Action: sts:AssumeRole
      ManagedPolicyArns:
        - arn:aws:iam::aws:policy/AWSSupportAccess  # Critical: attaches AWS Support access so at least one role has this policy (PASS)
```";"```hcl
# IAM role with AWS Support access
resource ""aws_iam_role"" ""example_resource_name"" {
  name               = ""example_resource_name""
  assume_role_policy = jsonencode({
    Version   = ""2012-10-17"",
    Statement = [{
      Effect    = ""Allow"",
      Principal = { AWS = ""arn:aws:iam::<example_account_id>:user/<example_resource_name>"" },
      Action    = ""sts:AssumeRole""
    }]
  })

  managed_policy_arns = [
    ""arn:aws:iam::aws:policy/AWSSupportAccess""  # Critical: ensures this role has AWSSupportAccess (PASS)
  ]
}
```";aws iam attach-role-policy --role-name <example_resource_name> --policy-arn arn:aws:iam::aws:policy/AWSSupportAccess;"1. In the AWS console, go to IAM > Roles
2. Select any existing role you can use for support access
3. Click Add permissions (or Attach policies)
4. Search for ""AWSSupportAccess"" and select it
5. Click Attach policies to save

This immediately ensures at least one role has the AWSSupportAccess managed policy (PASS).";CIS-4.0.1: 1.17 | CIS-6.0: 2.16 | CIS-3.0: 1.17 | AWS-Well-Architected-Framework-Security-Pillar: SEC10-BP01 | CIS-1.5: 1.17 | CIS-7.0: 2.15 | KISA-ISMS-P-2023: 2.5.1, 2.5.5, 2.5.6, 2.10.2, 2.11.1 | ENS-RD2022: op.acc.3.r1.aws.iam.1 | CIS-5.0: 1.16 | CIS-1.4: 1.17 | NIS2: 2.1.1, 2.1.2.a, 2.2.1, 3.1.2.d, 4.3.2.a, 5.1.7.b | C5-2025: OIS-02.01B, OIS-02.02B, HR-04.01B, OPS-13.02B, OPS-13.03AC, OPS-17.02B, OPS-24.01B, OPS-24.02B, IAM-01.01B, IAM-01.04B, IAM-06.06B, DEV-15.01B, SSO-05.06B, SIM-01.02B, SIM-01.03B | CIS-2.0: 1.17 | GDPR: article_25 | AWS-Account-Security-Onboarding: Predefine IAM Roles | ProwlerThreatScore-1.0: 1.2.3 | KISA-ISMS-P-2023-korean: 2.5.1, 2.5.5, 2.5.6, 2.10.2, 2.11.1;identity-access;;;CAF Security Epic: IAM;5.40.0;https://docs.aws.amazon.com/awssupport/latest/user/using-service-linked-roles-sup.html | https://www.trendmicro.com/trendaivisiononecloudriskmanagement/knowledge-base/aws/IAM/support-role.html | https://icompaas.freshdesk.com/support/solutions/articles/62000081064-ensure-a-support-role-has-been-created-to-manage-incidents-with-aws-support | https://docs.aws.amazon.com/aws-managed-policy/latest/reference/AWSSupportAccess.html;;
profile: None;2026-09-02 05:33:48.082860;010603499647;;;;;;prowler-aws-iam_user_access_not_stale_to_bedrock-010603499647-eu-north-1-cloud-security-admin;aws;iam_user_access_not_stale_to_bedrock;Regular Bedrock access ensures IAM users retain only actively used permissions;Software and Configuration Checks/AWS Security Best Practices;FAIL;IAM User cloud-security-admin has Bedrock permissions but has never used them.;False;iam;;medium;AwsIamUser;arn:aws:iam::010603499647:user/cloud-security-admin;cloud-security-admin;;;aws;eu-north-1;"IAM users granted **Bedrock** permissions are evaluated for recent service usage.

Users whose last Bedrock access exceeds the configured threshold (default **60 days**) or that have **never** accessed Bedrock are flagged, indicating stale permissions that should be reviewed.";"Stale Bedrock permissions widen the **blast radius** of a credential compromise.

An attacker who gains access to a user with unused Bedrock permissions can invoke foundation models, exfiltrate data through model responses, or incur significant costs — all without triggering expected usage patterns.";;"Apply the **principle of least privilege** by regularly reviewing IAM Access Advisor data and revoking Bedrock permissions that are no longer actively used.

Establish a periodic access review process and automate alerts for stale permissions to maintain a minimal attack surface.";https://hub.prowler.com/check/iam_user_access_not_stale_to_bedrock;;;;"1. Open the IAM console and select the user
2. Review the **Access Advisor** tab to confirm Bedrock has not been accessed recently
3. Remove or detach any policies granting Bedrock permissions that are no longer needed
4. If the user still requires Bedrock access, verify usage and reduce scope to least privilege";FedRAMP-Low-Revision-4: ac-2 | SecNumCloud-3.2: 9.2, 9.4 | FedRamp-Moderate-Revision-4: ac-2-1, ac-2-f, ac-2-j, ac-2-3, ac-6 | NIST-800-53-Revision-5: ac_2_1, ac_2_3_a, ac_2_3_b, ac_2_3_c, ac_2_3_d, ac_2_3, ac_2_g, ac_2_j, ac_3_8, ac_6 | NIST-800-171-Revision-2: 3_1_1, 3_1_2, 3_1_5, 3_5_6 | ISO27001-2022: A.5.15 | NIST-CSF-1.1: ac_1, ac_4 | PCI-3.2.1: 8.1.4 | ENS-RD2022: op.acc.6.r7.aws.iam.1 | ISO27001-2013: A.9.2.M | FedRAMP-20x-KSI-Low-25.05C: ksi-iam, ksi-iam-07 | NIST-CSF-2.0: ac_1 | NIST-800-53-Revision-4: ac_2_1, ac_2_3, ac_2, ac_6 | MITRE-ATTACK: T1078 | NIS2: 11.5.4 | C5-2025: IAM-03.02B, IAM-10.01B | AWS-AI-Security-Framework-1.0: AISF-IAM-05;identity-access | gen-ai;;bedrock_api_key_no_administrative_privileges | bedrock_api_key_no_long_term_credentials;The staleness threshold is configurable via the `max_unused_bedrock_access_days` audit config key (default: 60 days).;5.40.0;https://docs.aws.amazon.com/IAM/latest/UserGuide/access_policies_access-advisor.html | https://docs.aws.amazon.com/bedrock/latest/userguide/security-iam.html | https://docs.aws.amazon.com/IAM/latest/UserGuide/best-practices.html#remove-credentials;;
profile: None;2026-09-02 05:33:48.082860;010603499647;;;;;;prowler-aws-iam_user_accesskey_unused-010603499647-eu-north-1-<root_account>;aws;iam_user_accesskey_unused;IAM user does not have unused access keys older than 45 days;Software and Configuration Checks/AWS Security Best Practices | Software and Configuration Checks/Industry and Regulatory Standards/AWS Foundational Security Best Practices | Software and Configuration Checks/Industry and Regulatory Standards/CIS AWS Foundations Benchmark;PASS;User <root_account> does not have access keys.;False;iam;;medium;AwsIamUser;arn:aws:iam::010603499647:root;<root_account>;;;aws;eu-north-1;**IAM users** are evaluated for **active access keys** whose `last-used` timestamp exceeds `max_unused_access_keys_days` (default `45`). Users without access keys, or whose keys were used within this window, are reported separately.;Active yet unused keys expand the attack surface. If leaked, adversaries gain API access for data exfiltration, unauthorized changes, and resource abuse, harming **confidentiality**, **integrity**, and **availability**. Stale credentials also enable persistence and unexpected cost spikes.;;Disable or delete **unused access keys** promptly and prefer **IAM roles** with temporary credentials. Enforce **least privilege**, rotation, and time-bounded access. Monitor `last-used` metadata and automate deactivation of idle keys. Use federation/SSO to avoid long-lived user keys.;https://hub.prowler.com/check/iam_user_accesskey_unused;;;aws iam update-access-key --user-name <USER_NAME> --access-key-id <ACCESS_KEY_ID> --status Inactive;"1. Sign in to the AWS console and open IAM
2. Go to Users, select the affected user
3. Open the Security credentials tab > Access keys
4. For any key with Last used > 45 days, choose Deactivate (or Delete)
5. Repeat for any additional unused keys over 45 days for the user";CIS-4.0.1: 1.12 | FedRAMP-Low-Revision-4: ac-2, ac-3 | SecNumCloud-3.2: 9.2, 9.4 | AWS-Foundational-Technical-Review: IAM-002, IAM-0012 | FedRamp-Moderate-Revision-4: ac-2-1, ac-2-f, ac-2-j, ac-2-3, ac-3, ac-5-c, ac-6 | SOC2: cc_1_3 | NIST-800-53-Revision-5: ac_2_1, ac_2_3_a, ac_2_3_b, ac_2_3_c, ac_2_3_d, ac_2_3, ac_2_6, ac_2_g, ac_2_j, ac_3, ac_3_3, ac_3_3_a, ac_3_3_b_1, ac_3_3_b_2, ac_3_3_b_3, ac_3_3_b_4, ac_3_3_b_5, ac_3_3_c, ac_3_4, ac_3_4_a, ac_3_4_b, ac_3_4_c, ac_3_4_d, ac_3_4_e, ac_3_7, ac_3_8, ac_3_12_a, ac_3_13, ac_3_15_a, ac_3_15_b, ac_4_28, ac_6, ac_24, cm_5_1_a, cm_6_a, cm_9_b, mp_2, sc_23_3 | FFIEC: d3-pc-am-b-6 | CIS-6.0: 2.11 | CIS-3.0: 1.12 | NIST-800-171-Revision-2: 3_1_1, 3_1_2, 3_1_4, 3_1_5, 3_5_6, 3_5_7, 3_5_8 | ISO27001-2022: A.5.15 | NIST-CSF-1.1: ac_1, ac_4 | PCI-3.2.1: 8.1, 8.1.4 | CCC-v2025.10: CCC.IAM.CN07.AR01, CCC.IAM.CN08.AR01 | CIS-1.5: 1.12 | CIS-7.0: 2.11 | KISA-ISMS-P-2023: 2.7.2, 2.10.2 | ENS-RD2022: op.acc.6.aws.iam.2, op.acc.6.aws.iam.3, op.acc.6.r7.aws.iam.1 | ISO27001-2013: A.9.2.M, A.9.3.J, A.9.4.M | GxP-21-CFR-Part-11: 11.10-d, 11.10-g, 11.300-b | PCI-4.0: 7.2.4.2, 7.2.5.1.2, 8.2.6.2, A3.4.1.10 | CIS-5.0: 1.11 | FedRAMP-20x-KSI-Low-25.05C: ksi-iam, ksi-iam-07 | NIST-CSF-2.0: ac_1 | NIST-800-53-Revision-4: ac_2_1, ac_2_3, ac_2, ac_3, ac_6 | MITRE-ATTACK: T1078, T1550, T1110 | CIS-1.4: 1.12 | NIS2: 11.5.4 | CISA: your-systems-3 | C5-2025: IAM-03.02B, IAM-03.03B, IAM-03.01AS, IAM-05.04B, IAM-10.01B, CRY-03.01B | CIS-2.0: 1.12 | GDPR: article_25 | AWS-Foundational-Security-Best-Practices: IAM.8, IAM.22, IAM.26 | ProwlerThreatScore-1.0: 1.1.10 | HIPAA: 164_308_a_3_ii_b, 164_308_a_4_ii_c, 164_308_a_5_ii_d | KISA-ISMS-P-2023-korean: 2.7.2, 2.10.2 | AWS-AI-Security-Framework-1.0: AISF-IAM-03;secrets;;;;5.40.0;https://docs.aws.amazon.com/IAM/latest/UserGuide/id_credentials_finding-unused.html | https://docs.aws.amazon.com/securityhub/latest/userguide/iam-controls.html | https://www.trendmicro.com/trendaivisiononecloudriskmanagement-staging/knowledge-base/aws/IAM/access-keys-rotated-45-days.html;;
profile: None;2026-09-02 05:33:48.082860;010603499647;;;;;;prowler-aws-iam_user_accesskey_unused-010603499647-eu-north-1-cloud-security-admin;aws;iam_user_accesskey_unused;IAM user does not have unused access keys older than 45 days;Software and Configuration Checks/AWS Security Best Practices | Software and Configuration Checks/Industry and Regulatory Standards/AWS Foundational Security Best Practices | Software and Configuration Checks/Industry and Regulatory Standards/CIS AWS Foundations Benchmark;PASS;User cloud-security-admin does not have unused access keys for 45 days.;False;iam;;medium;AwsIamUser;arn:aws:iam::010603499647:user/cloud-security-admin;cloud-security-admin;;;aws;eu-north-1;**IAM users** are evaluated for **active access keys** whose `last-used` timestamp exceeds `max_unused_access_keys_days` (default `45`). Users without access keys, or whose keys were used within this window, are reported separately.;Active yet unused keys expand the attack surface. If leaked, adversaries gain API access for data exfiltration, unauthorized changes, and resource abuse, harming **confidentiality**, **integrity**, and **availability**. Stale credentials also enable persistence and unexpected cost spikes.;;Disable or delete **unused access keys** promptly and prefer **IAM roles** with temporary credentials. Enforce **least privilege**, rotation, and time-bounded access. Monitor `last-used` metadata and automate deactivation of idle keys. Use federation/SSO to avoid long-lived user keys.;https://hub.prowler.com/check/iam_user_accesskey_unused;;;aws iam update-access-key --user-name <USER_NAME> --access-key-id <ACCESS_KEY_ID> --status Inactive;"1. Sign in to the AWS console and open IAM
2. Go to Users, select the affected user
3. Open the Security credentials tab > Access keys
4. For any key with Last used > 45 days, choose Deactivate (or Delete)
5. Repeat for any additional unused keys over 45 days for the user";CIS-4.0.1: 1.12 | FedRAMP-Low-Revision-4: ac-2, ac-3 | SecNumCloud-3.2: 9.2, 9.4 | AWS-Foundational-Technical-Review: IAM-002, IAM-0012 | FedRamp-Moderate-Revision-4: ac-2-1, ac-2-f, ac-2-j, ac-2-3, ac-3, ac-5-c, ac-6 | SOC2: cc_1_3 | NIST-800-53-Revision-5: ac_2_1, ac_2_3_a, ac_2_3_b, ac_2_3_c, ac_2_3_d, ac_2_3, ac_2_6, ac_2_g, ac_2_j, ac_3, ac_3_3, ac_3_3_a, ac_3_3_b_1, ac_3_3_b_2, ac_3_3_b_3, ac_3_3_b_4, ac_3_3_b_5, ac_3_3_c, ac_3_4, ac_3_4_a, ac_3_4_b, ac_3_4_c, ac_3_4_d, ac_3_4_e, ac_3_7, ac_3_8, ac_3_12_a, ac_3_13, ac_3_15_a, ac_3_15_b, ac_4_28, ac_6, ac_24, cm_5_1_a, cm_6_a, cm_9_b, mp_2, sc_23_3 | FFIEC: d3-pc-am-b-6 | CIS-6.0: 2.11 | CIS-3.0: 1.12 | NIST-800-171-Revision-2: 3_1_1, 3_1_2, 3_1_4, 3_1_5, 3_5_6, 3_5_7, 3_5_8 | ISO27001-2022: A.5.15 | NIST-CSF-1.1: ac_1, ac_4 | PCI-3.2.1: 8.1, 8.1.4 | CCC-v2025.10: CCC.IAM.CN07.AR01, CCC.IAM.CN08.AR01 | CIS-1.5: 1.12 | CIS-7.0: 2.11 | KISA-ISMS-P-2023: 2.7.2, 2.10.2 | ENS-RD2022: op.acc.6.aws.iam.2, op.acc.6.aws.iam.3, op.acc.6.r7.aws.iam.1 | ISO27001-2013: A.9.2.M, A.9.3.J, A.9.4.M | GxP-21-CFR-Part-11: 11.10-d, 11.10-g, 11.300-b | PCI-4.0: 7.2.4.2, 7.2.5.1.2, 8.2.6.2, A3.4.1.10 | CIS-5.0: 1.11 | FedRAMP-20x-KSI-Low-25.05C: ksi-iam, ksi-iam-07 | NIST-CSF-2.0: ac_1 | NIST-800-53-Revision-4: ac_2_1, ac_2_3, ac_2, ac_3, ac_6 | MITRE-ATTACK: T1078, T1550, T1110 | CIS-1.4: 1.12 | NIS2: 11.5.4 | CISA: your-systems-3 | C5-2025: IAM-03.02B, IAM-03.03B, IAM-03.01AS, IAM-05.04B, IAM-10.01B, CRY-03.01B | CIS-2.0: 1.12 | GDPR: article_25 | AWS-Foundational-Security-Best-Practices: IAM.8, IAM.22, IAM.26 | ProwlerThreatScore-1.0: 1.1.10 | HIPAA: 164_308_a_3_ii_b, 164_308_a_4_ii_c, 164_308_a_5_ii_d | KISA-ISMS-P-2023-korean: 2.7.2, 2.10.2 | AWS-AI-Security-Framework-1.0: AISF-IAM-03;secrets;;;;5.40.0;https://docs.aws.amazon.com/IAM/latest/UserGuide/id_credentials_finding-unused.html | https://docs.aws.amazon.com/securityhub/latest/userguide/iam-controls.html | https://www.trendmicro.com/trendaivisiononecloudriskmanagement-staging/knowledge-base/aws/IAM/access-keys-rotated-45-days.html;;
profile: None;2026-09-02 05:33:48.082860;010603499647;;;;;;prowler-aws-iam_user_administrator_access_policy-010603499647-eu-north-1-cloud-security-admin;aws;iam_user_administrator_access_policy;IAM user does not have AdministratorAccess policy attached;Software and Configuration Checks/Industry and Regulatory Standards/AWS Foundational Security Best Practices | Software and Configuration Checks/Industry and Regulatory Standards/CIS AWS Foundations Benchmark | TTPs/Privilege Escalation;PASS;IAM User cloud-security-admin does not have AdministratorAccess policy.;False;iam;;critical;AwsIamUser;arn:aws:iam::010603499647:user/cloud-security-admin;cloud-security-admin;;;aws;eu-north-1;**IAM users** are evaluated for a direct attachment of the AWS managed policy `AdministratorAccess`. The finding identifies identities where this policy appears among the user's attached policies.;"Assigning an IAM user full admin rights concentrates power in long-lived credentials. If compromised, attackers gain:
- **Confidentiality**: read/export all data
- **Integrity**: change configs, policies, code
- **Availability**: delete resources, disrupt services
Also enables persistence and uncontrolled spend.";;"Remove direct `AdministratorAccess` from users.
- Apply **least privilege** with scoped policies
- Use **federation** and **roles** for temporary admin access
- Enforce **separation of duties** and approvals
- Add guardrails (SCPs, permissions boundaries)
- Require **MFA** and rotate any remaining long-lived credentials";https://hub.prowler.com/check/iam_user_administrator_access_policy;"```yaml
# CloudFormation: ensure IAM user does NOT have AdministratorAccess attached
Resources:
  <example_resource_name>:
    Type: AWS::IAM::User
    Properties:
      ManagedPolicyArns: []  # Critical: empty list ensures 'AdministratorAccess' is NOT attached to this user
```";;aws iam detach-user-policy --user-name <username> --policy-arn arn:aws:iam::aws:policy/AdministratorAccess;"1. Sign in to the AWS Console and open IAM
2. Go to Users and select the target user
3. Open the Permissions tab
4. In Attached policies (or Permissions policies), find AdministratorAccess
5. Select it and click Detach policy (or Remove)
6. Confirm to detach";ASD-Essential-Eight-Nov 2023: E8-4.2 | SecNumCloud-3.2: 9.3 | CCC-v2025.10: CCC.Core.CN05.AR01, CCC.Core.CN05.AR02 | KISA-ISMS-P-2023: 2.5.1, 2.5.5, 2.5.6, 2.10.2 | PCI-4.0: 7.2.1.19, 7.2.2.19, 7.2.5.13, 7.3.1.13, 7.3.2.13, 7.3.3.13, 8.2.7.13, 8.2.8.15, 8.3.4.13 | NIST-CSF-2.0: rr_1, rr_2, po_1, am_6, ac_4 | C5-2025: OIS-04.03B, SP-01.04B, HR-01.01B, IAM-01.01B, IAM-01.04B, IAM-10.01B | KISA-ISMS-P-2023-korean: 2.5.1, 2.5.5, 2.5.6, 2.10.2 | AWS-AI-Security-Framework-1.0: AISF-IAM-02;identity-access;;;;5.40.0;https://www.trendmicro.com/trendaivisiononecloudriskmanagement/knowledge-base/aws/IAM/admin-permissions.html | https://docs.aws.amazon.com/IAM/latest/UserGuide/id_users.html | https://docs.aws.amazon.com/IAM/latest/UserGuide/best-practices.html;;
profile: None;2026-09-02 05:33:48.082860;010603499647;;;;;;prowler-aws-iam_user_console_access_unused-010603499647-eu-north-1-cloud-security-admin;aws;iam_user_console_access_unused;IAM user console access is disabled, used within the configured inactivity period, or never used;Software and Configuration Checks/AWS Security Best Practices | Software and Configuration Checks/Industry and Regulatory Standards/AWS Foundational Security Best Practices | Software and Configuration Checks/Industry and Regulatory Standards/CIS AWS Foundations Benchmark | TTPs/Initial Access;PASS;User cloud-security-admin has logged in to the console in the past 45 days (1 days).;False;iam;;medium;AwsIamUser;arn:aws:iam::010603499647:user/cloud-security-admin;cloud-security-admin;;;aws;eu-north-1;"**IAM users** with console access are evaluated by `password_last_used`. Inactivity beyond `max_console_access_days` (default `45`) marks **stale console access**.

*Users without console access are excluded*.";**Dormant console credentials** stay valid and invite **password spraying**, **credential stuffing**, and breach reuse. Compromise yields interactive access for data discovery/exfiltration and unauthorized IAM or resource changes, degrading **confidentiality** and **integrity**, and risking **availability**.;;Remove or disable console passwords for users inactive beyond your window (e.g., `45` days). Prefer roles or federation over long-lived IAM users. Enforce **least privilege**, require **MFA** for remaining console users, and run periodic reviews and deprovisioning to prevent unused credentials.;https://hub.prowler.com/check/iam_user_console_access_unused;"```yaml
# CloudFormation: IAM user without console access
Resources:
  <example_resource_name>:
    Type: AWS::IAM::User
    Properties:
      UserName: <example_resource_name>
      # Critical: No LoginProfile property -> disables console access for the user
```";"```hcl
# IAM user with console access disabled by not creating a login profile
resource ""aws_iam_user"" ""<example_resource_name>"" {
  name = ""<example_resource_name>""
  # Critical: Do not define aws_iam_user_login_profile for this user -> no console access
}
```";aws iam delete-login-profile --user-name <USER_NAME>;"1. Open the IAM console and go to Users
2. Select the user
3. Open the Security credentials tab
4. Click Manage console access
5. Select Disable console access and Save";CIS-4.0.1: 1.12 | FedRAMP-Low-Revision-4: ac-2, ac-3 | SecNumCloud-3.2: 9.2, 9.4 | FedRamp-Moderate-Revision-4: ac-2-1, ac-2-f, ac-2-j, ac-2-3, ac-3, ac-5-c, ac-6 | SOC2: cc_1_3 | NIST-800-53-Revision-5: ac_2_1, ac_2_3_a, ac_2_3_b, ac_2_3_c, ac_2_3_d, ac_2_3, ac_2_6, ac_2_g, ac_2_j, ac_3, ac_3_3, ac_3_3_a, ac_3_3_b_1, ac_3_3_b_2, ac_3_3_b_3, ac_3_3_b_4, ac_3_3_b_5, ac_3_3_c, ac_3_4, ac_3_4_a, ac_3_4_b, ac_3_4_c, ac_3_4_d, ac_3_4_e, ac_3_7, ac_3_8, ac_3_12_a, ac_3_13, ac_3_15_a, ac_3_15_b, ac_4_28, ac_6, ac_24, cm_5_1_a, cm_6_a, cm_9_b, mp_2, sc_23_3 | FFIEC: d3-pc-am-b-6 | CIS-6.0: 2.11 | CIS-3.0: 1.12 | NIST-800-171-Revision-2: 3_1_1, 3_1_2, 3_1_4, 3_1_5, 3_5_6, 3_5_7, 3_5_8 | ISO27001-2022: A.5.15 | NIST-CSF-1.1: ac_1, ac_4 | PCI-3.2.1: 8.1, 8.1.4 | CCC-v2025.10: CCC.IAM.CN07.AR01, CCC.IAM.CN08.AR01 | CIS-1.5: 1.12 | CIS-7.0: 2.11 | KISA-ISMS-P-2023: 2.5.3, 2.10.2 | ENS-RD2022: op.acc.6.aws.iam.2, op.acc.6.aws.iam.3, op.acc.6.r7.aws.iam.1 | ISO27001-2013: A.9.2.M, A.9.3.J, A.9.4.M | GxP-21-CFR-Part-11: 11.10-d, 11.10-g, 11.300-b | CIS-5.0: 1.11 | FedRAMP-20x-KSI-Low-25.05C: ksi-iam, ksi-iam-07 | NIST-CSF-2.0: ac_1 | NIST-800-53-Revision-4: ac_2_1, ac_2_3, ac_2, ac_3, ac_6 | MITRE-ATTACK: T1078, T1550, T1110 | CIS-1.4: 1.12 | NIS2: 11.3.2.d, 11.5.4 | CISA: your-systems-3 | C5-2025: OPS-05.02AC, IAM-03.02B, IAM-03.03B, IAM-03.01AS, IAM-05.04B, IAM-10.01B | CIS-2.0: 1.12 | GDPR: article_25 | AWS-Foundational-Security-Best-Practices: IAM.8, IAM.22, IAM.26 | ProwlerThreatScore-1.0: 1.1.10 | HIPAA: 164_308_a_3_ii_b, 164_308_a_4_ii_c, 164_308_a_5_ii_d | KISA-ISMS-P-2023-korean: 2.5.3, 2.10.2 | AWS-AI-Security-Framework-1.0: AISF-IAM-03;identity-access;;;;5.40.0;https://docs.aws.amazon.com/IAM/latest/UserGuide/id_credentials_finding-unused.html | https://docs.aws.amazon.com/securityhub/latest/userguide/iam-controls.html;;
profile: None;2026-09-02 05:33:48.082860;010603499647;;;;;;prowler-aws-iam_user_hardware_mfa_enabled-010603499647-eu-north-1-cloud-security-admin;aws;iam_user_hardware_mfa_enabled;IAM user has hardware MFA enabled;Software and Configuration Checks/AWS Security Best Practices | Software and Configuration Checks/Industry and Regulatory Standards/AWS Foundational Security Best Practices | Software and Configuration Checks/Industry and Regulatory Standards/CIS AWS Foundations Benchmark | TTPs/Initial Access | TTPs/Credential Access;FAIL;User cloud-security-admin does not have any type of MFA enabled.;False;iam;;high;AwsIamUser;arn:aws:iam::010603499647:user/cloud-security-admin;cloud-security-admin;;;aws;eu-north-1;**IAM users** are evaluated for **hardware MFA** enrollment, identifying physical tokens or security keys and distinguishing them from *virtual* or *SMS* MFA, as well as users without any MFA.;"Without **hardware MFA**, authentication is weaker:
- **SIM-swap** can bypass SMS
- **Phishing** can steal TOTP from virtual apps
- No MFA allows password-only takeover
This enables unauthorized console/API access, causing data exfiltration (C), privilege abuse (I), and service disruption (A).";;Require **hardware-backed MFA** for all IAM users. Prefer **FIDO2 security keys** for phishing resistance over TOTP or SMS. Disallow SMS/virtual MFA for privileged roles. Enforce MFA for all access paths, apply **least privilege**, and provision multiple MFA devices per user for continuity.;https://hub.prowler.com/check/iam_user_hardware_mfa_enabled;;;;"1. Sign in to the AWS Console and open IAM
2. Go to Users > select <user> > Security credentials
3. Under Multi-factor authentication (MFA), if a Virtual MFA device or SMS MFA is listed, choose Deactivate/Remove and confirm
4. Click Assign MFA device
5. Select Hardware TOTP token or Security key (FIDO2) and choose Next
6. For Hardware TOTP: enter the device serial, then enter MFA code 1 and MFA code 2 from the token; for Security key: insert/tap the key and follow the prompts
7. Choose Add/Save to complete";ASD-Essential-Eight-Nov 2023: E8-3.1, E8-3.7 | FedRAMP-Low-Revision-4: ac-2 | SecNumCloud-3.2: 9.6 | AWS-Foundational-Technical-Review: IAM-001, IAM-0012 | AWS-Well-Architected-Framework-Security-Pillar: SEC02-BP01 | ISO27001-2022: A.8.5 | CCC-v2025.10: CCC.Core.CN03.AR01, CCC.Core.CN03.AR03, CCC.Core.CN05.AR06 | AWS-Audit-Manager-Control-Tower-Guardrails: 3.0.1, 3.0.2 | KISA-ISMS-P-2023: 2.5.3, 2.10.2 | FedRAMP-20x-KSI-Low-25.05C: ksi-iam | MITRE-ATTACK: T1078, T1098, T1556, T1550, T1110, T1040 | NIS2: 11.7.2 | CISA: booting-up-thing-to-do-first-2 | C5-2025: OPS-16.01B, IAM-08.05B, IAM-09.02B, IAM-09.01AC, PSS-05.01B, PSS-07.02B | KISA-ISMS-P-2023-korean: 2.5.3, 2.10.2 | AWS-AI-Security-Framework-1.0: AISF-IAM-01;identity-access;;;;5.40.0;https://docs.aws.amazon.com/IAM/latest/UserGuide/id_credentials_mfa_enable_physical.html | https://docs.aws.amazon.com/IAM/latest/UserGuide/id_credentials_mfa.html | https://support.icompaas.com/support/solutions/articles/62000236278-ensure-iam-users-have-hardware-mfa-enabled;;
profile: None;2026-09-02 05:33:48.082860;010603499647;;;;;;prowler-aws-iam_user_mfa_enabled_console_access-010603499647-eu-north-1-cloud-security-admin;aws;iam_user_mfa_enabled_console_access;IAM user has MFA enabled for console access or no console password is set;Software and Configuration Checks/AWS Security Best Practices | Software and Configuration Checks/Industry and Regulatory Standards/AWS Foundational Security Best Practices | Software and Configuration Checks/Industry and Regulatory Standards/CIS AWS Foundations Benchmark | TTPs/Initial Access | TTPs/Credential Access;FAIL;User cloud-security-admin has Console Password enabled but MFA disabled.;False;iam;;high;AwsIamUser;arn:aws:iam::010603499647:user/cloud-security-admin;cloud-security-admin;;;aws;eu-north-1;**IAM users** that have a console password are expected to have **multi-factor authentication** enabled. The evaluation identifies users who can sign in to the AWS Management Console but do not have an active MFA device associated.;Without **MFA**, a stolen or brute-forced password grants full interactive access. Attackers can: - Change policies or keys - Exfiltrate data - Create backdoor users - Disable logging. This enables account takeover, threatens confidentiality and integrity, and can disrupt availability.;;"Enforce **MFA** for all console-capable IAM users; prefer **phishing-resistant** authenticators (FIDO2/security keys) and register backups. Remove console passwords for users that don't need them and favor **federation/SSO**. Apply least privilege and require MFA for sensitive actions to prevent unauthorized changes.";https://hub.prowler.com/check/iam_user_mfa_enabled_console_access;"```yaml
# CloudFormation: IAM user without a console password
Resources:
  IamUser:
    Type: AWS::IAM::User
    Properties:
      UserName: <example_resource_name>
      # Critical: Do NOT include the LoginProfile property.
      # Omitting LoginProfile ensures no console password is set, making the check pass.
```";"```hcl
# IAM user without console password
resource ""aws_iam_user"" ""user"" {
  name = ""<example_resource_name>""
  # Critical: Do NOT create an aws_iam_user_login_profile resource.
  # Without a login profile, no console password is set, so the check passes.
}
```";aws iam delete-login-profile --user-name <IAM_USER_NAME>;"1. Sign in to the AWS Console and open IAM
2. Go to Users and select the affected user
3. Open the Security credentials tab
4. Under Console sign-in, click Remove console password and confirm
5. Verify that Console password shows Not enabled";ASD-Essential-Eight-Nov 2023: E8-3.1 | CIS-4.0.1: 1.10 | FedRAMP-Low-Revision-4: ac-2, ia-2 | SecNumCloud-3.2: 9.5 | AWS-Foundational-Technical-Review: IAM-001, IAM-0012 | FedRamp-Moderate-Revision-4: ac-2-1, ac-2-f, ac-2-j, ia-2-1-2, ia-2-1 | NIST-800-53-Revision-5: ac_2_1, ac_3_2, ac_3_3, ac_3_3_a, ac_3_3_b_1, ac_3_3_b_2, ac_3_3_b_3, ac_3_3_b_4, ac_3_3_b_5, ac_3_3_c, ac_3_4, ac_3_4_a, ac_3_4_b, ac_3_4_c, ac_3_4_d, ac_3_4_e, ac_3_8, ac_3_12_a, ac_3_13, ac_3_15_a, ac_3_15_b, ac_4_28, ac_7_4, ac_7_4_a, ac_24, cm_5_1_a, cm_6_a, cm_9_b, ia_2_1, ia_2_2, ia_2_6, ia_2_6_a, ia_2_8, sc_23_3 | FFIEC: d3-pc-am-b-15, d3-pc-am-b-6 | CIS-6.0: 2.9 | CIS-3.0: 1.10 | NIST-800-171-Revision-2: 3_1_1, 3_1_2, 3_1_14, 3_5_2, 3_5_3 | AWS-Well-Architected-Framework-Security-Pillar: SEC02-BP01 | ISO27001-2022: A.5.15, A.5.17, A.8.5 | NIST-CSF-1.1: ac_3, ac_7 | PCI-3.2.1: 8.3, 8.3.1, 8.3.1.a, 8.3.2, 8.3.2.a, 8.6, 8.6.c | CCC-v2025.10: CCC.Core.CN03.AR01, CCC.Core.CN03.AR03, CCC.Core.CN05.AR02, CCC.Core.CN05.AR06 | CIS-1.5: 1.10 | AWS-Audit-Manager-Control-Tower-Guardrails: 3.0.1, 3.0.2, 3.0.3 | CIS-7.0: 2.10 | KISA-ISMS-P-2023: 2.5.3, 2.10.2 | ENS-RD2022: op.acc.6.r2.aws.iam.1, op.acc.6.r4.aws.iam.1, op.acc.6.r8.aws.iam.1 | ISO27001-2013: A.9.2.J, A.9.3.H, A.9.4.J | GxP-21-CFR-Part-11: 11.10-d, 11.10-g, 11.200 | PCI-4.0: 8.4.1.1, 8.4.1.2, 8.4.2.1, 8.4.2.2, 8.4.3.1, 8.4.3.2 | CIS-5.0: 1.9 | FedRAMP-20x-KSI-Low-25.05C: ksi-iam | NIST-CSF-2.0: ac_7 | NIST-800-53-Revision-4: ia_2_1, ia_2_2, ia_2_11 | MITRE-ATTACK: T1078, T1098, T1556, T1550, T1110, T1040, T1538 | CIS-1.4: 1.10 | NIS2: 11.1.2.c, 11.3.2.a, 11.4.2.c, 11.6.1, 11.7.2 | CISA: your-systems-3, your-surroundings-2, booting-up-thing-to-do-first-2 | C5-2025: OPS-05.02AC, OPS-16.01B, IAM-04.06B, IAM-06.09B, IAM-08.02B, IAM-08.05B, IAM-09.02B, IAM-09.01AC, IAM-10.01B, PSS-05.01B, PSS-07.01B, PSS-07.02B | CIS-2.0: 1.10 | GDPR: article_25 | AWS-Foundational-Security-Best-Practices: IAM.5, IAM.19 | ProwlerThreatScore-1.0: 1.1.3 | HIPAA: 164_308_a_3_ii_a, 164_312_a_1, 164_312_d | KISA-ISMS-P-2023-korean: 2.5.3, 2.10.2 | AWS-AI-Security-Framework-1.0: AISF-IAM-01;identity-access;;;;5.40.0;https://docs.aws.amazon.com/IAM/latest/UserGuide/id_credentials_mfa_enable_virtual.html | https://www.trendmicro.com/trendaivisiononecloudriskmanagement/knowledge-base/aws/IAM/iam-user-multi-factor-authentication-enabled.html;;
profile: None;2026-09-02 05:33:48.082860;010603499647;;;;;;prowler-aws-iam_user_no_setup_initial_access_key-010603499647-eu-north-1-<root_account>;aws;iam_user_no_setup_initial_access_key;IAM user does not have active access keys that have never been used;Software and Configuration Checks/AWS Security Best Practices | Software and Configuration Checks/Industry and Regulatory Standards/AWS Foundational Security Best Practices | Software and Configuration Checks/Industry and Regulatory Standards/CIS AWS Foundations Benchmark;PASS;User <root_account> does not have access keys or uses the access keys configured.;False;iam;;medium;AwsIamUser;arn:aws:iam::010603499647:root;<root_account>;;;aws;eu-north-1;"**IAM users** with a console password and active **access keys** that have `last_used` as `N/A` are identified.

This highlights accounts where programmatic credentials exist but have never been exercised.";Active yet unused **access keys** expand the attack surface. If exposed, attackers gain programmatic access for unauthorized API calls, causing data exfiltration (**confidentiality**), unauthorized changes (**integrity**), and service disruption (**availability**). Dormant keys also bloat credential inventory, delaying detection and rotation.;;"Apply **least privilege** to programmatic access:
- Do not provision access keys by default for console users
- Prefer **IAM roles** and temporary credentials
- Require justification and time-bounded key creation
- Regularly review usage and disable/delete unused keys
- Limit to one active key per user and enforce rotation with monitoring";https://hub.prowler.com/check/iam_user_no_setup_initial_access_key;"```yaml
# CloudFormation: ensure IAM access key is not active
Resources:
  AccessKey:
    Type: AWS::IAM::AccessKey
    Properties:
      UserName: ""<example_resource_name>""
      Status: Inactive  # Critical: disables the key so it isn't active and cannot be flagged as never used
```";"```hcl
# Ensure IAM access key is not active
resource ""aws_iam_access_key"" ""<example_resource_name>"" {
  user   = ""<example_resource_name>""
  status = ""Inactive""  # Critical: disables the key so it isn't active and cannot be flagged as never used
}
```";aws iam delete-access-key --user-name <example_resource_name> --access-key-id <example_resource_id>;"1. In the AWS Console, go to IAM > Users and select the user.
2. Open the Security credentials tab.
3. Under Access keys, find keys with Last used = N/A and Status = Active.
4. Choose Deactivate or Delete for each such key.
5. Save changes.";ASD-Essential-Eight-Nov 2023: E8-4.2 | CIS-4.0.1: 1.11 | CIS-6.0: 2.10 | CIS-3.0: 1.11 | AWS-Well-Architected-Framework-Security-Pillar: SEC02-BP01 | CCC-v2025.10: CCC.Core.CN03.AR02, CCC.Core.CN03.AR04, CCC.IAM.CN01.AR01, CCC.IAM.CN01.AR02 | CIS-1.5: 1.11 | KISA-ISMS-P-2023: 2.7.2, 2.10.2 | ENS-RD2022: op.acc.6.aws.iam.4 | CIS-5.0: 1.1 | MITRE-ATTACK: T1078, T1550 | CIS-1.4: 1.11 | NIS2: 9.2.c, 9.2.c.iii | C5-2025: OPS-05.02AC, IAM-10.01B, CRY-03.01B, PSS-07.01B | CIS-2.0: 1.11 | KISA-ISMS-P-2023-korean: 2.7.2, 2.10.2 | AWS-AI-Security-Framework-1.0: AISF-IAM-03;identity-access | secrets;;;CAF Security Epic: IAM;5.40.0;https://docs.aws.amazon.com/IAM/latest/UserGuide/id_credentials_getting-report.html | https://support.icompaas.com/support/solutions/articles/62000228293-ensure-there-is-only-one-active-access-key-available-for-any-single-iam-user;;
profile: None;2026-09-02 05:33:48.082860;010603499647;;;;;;prowler-aws-iam_user_no_setup_initial_access_key-010603499647-eu-north-1-cloud-security-admin;aws;iam_user_no_setup_initial_access_key;IAM user does not have active access keys that have never been used;Software and Configuration Checks/AWS Security Best Practices | Software and Configuration Checks/Industry and Regulatory Standards/AWS Foundational Security Best Practices | Software and Configuration Checks/Industry and Regulatory Standards/CIS AWS Foundations Benchmark;PASS;User cloud-security-admin does not have access keys or uses the access keys configured.;False;iam;;medium;AwsIamUser;arn:aws:iam::010603499647:user/cloud-security-admin;cloud-security-admin;;;aws;eu-north-1;"**IAM users** with a console password and active **access keys** that have `last_used` as `N/A` are identified.

This highlights accounts where programmatic credentials exist but have never been exercised.";Active yet unused **access keys** expand the attack surface. If exposed, attackers gain programmatic access for unauthorized API calls, causing data exfiltration (**confidentiality**), unauthorized changes (**integrity**), and service disruption (**availability**). Dormant keys also bloat credential inventory, delaying detection and rotation.;;"Apply **least privilege** to programmatic access:
- Do not provision access keys by default for console users
- Prefer **IAM roles** and temporary credentials
- Require justification and time-bounded key creation
- Regularly review usage and disable/delete unused keys
- Limit to one active key per user and enforce rotation with monitoring";https://hub.prowler.com/check/iam_user_no_setup_initial_access_key;"```yaml
# CloudFormation: ensure IAM access key is not active
Resources:
  AccessKey:
    Type: AWS::IAM::AccessKey
    Properties:
      UserName: ""<example_resource_name>""
      Status: Inactive  # Critical: disables the key so it isn't active and cannot be flagged as never used
```";"```hcl
# Ensure IAM access key is not active
resource ""aws_iam_access_key"" ""<example_resource_name>"" {
  user   = ""<example_resource_name>""
  status = ""Inactive""  # Critical: disables the key so it isn't active and cannot be flagged as never used
}
```";aws iam delete-access-key --user-name <example_resource_name> --access-key-id <example_resource_id>;"1. In the AWS Console, go to IAM > Users and select the user.
2. Open the Security credentials tab.
3. Under Access keys, find keys with Last used = N/A and Status = Active.
4. Choose Deactivate or Delete for each such key.
5. Save changes.";ASD-Essential-Eight-Nov 2023: E8-4.2 | CIS-4.0.1: 1.11 | CIS-6.0: 2.10 | CIS-3.0: 1.11 | AWS-Well-Architected-Framework-Security-Pillar: SEC02-BP01 | CCC-v2025.10: CCC.Core.CN03.AR02, CCC.Core.CN03.AR04, CCC.IAM.CN01.AR01, CCC.IAM.CN01.AR02 | CIS-1.5: 1.11 | KISA-ISMS-P-2023: 2.7.2, 2.10.2 | ENS-RD2022: op.acc.6.aws.iam.4 | CIS-5.0: 1.1 | MITRE-ATTACK: T1078, T1550 | CIS-1.4: 1.11 | NIS2: 9.2.c, 9.2.c.iii | C5-2025: OPS-05.02AC, IAM-10.01B, CRY-03.01B, PSS-07.01B | CIS-2.0: 1.11 | KISA-ISMS-P-2023-korean: 2.7.2, 2.10.2 | AWS-AI-Security-Framework-1.0: AISF-IAM-03;identity-access | secrets;;;CAF Security Epic: IAM;5.40.0;https://docs.aws.amazon.com/IAM/latest/UserGuide/id_credentials_getting-report.html | https://support.icompaas.com/support/solutions/articles/62000228293-ensure-there-is-only-one-active-access-key-available-for-any-single-iam-user;;
profile: None;2026-09-02 05:33:48.082860;010603499647;;;;;;prowler-aws-iam_user_two_active_access_key-010603499647-eu-north-1-<root_account>;aws;iam_user_two_active_access_key;IAM user has at most one active access key;Software and Configuration Checks/AWS Security Best Practices | Software and Configuration Checks/Industry and Regulatory Standards/AWS Foundational Security Best Practices | Software and Configuration Checks/Industry and Regulatory Standards/CIS AWS Foundations Benchmark;PASS;User <root_account> does not have 2 active access keys.;False;iam;;medium;AwsIamUser;arn:aws:iam::010603499647:root;<root_account>;;;aws;eu-north-1;"**IAM users** are evaluated for having **two `Active` access keys** simultaneously.

The check identifies users whose two access key slots are enabled at the same time.";"**Two active keys per user** widen exposure and weaken credential governance.
- Any leaked key enables unauthorized API actions, risking data exfiltration and resource changes
- Rotation and response become error-prone, allowing attacker persistence if one key remains unnoticed";;"Maintain **one `Active` access key** per IAM user; permit only a brief overlap for rotation, then promptly deactivate and delete the old key. Prefer **temporary credentials** via roles/federation over long-lived keys. Apply **least privilege**, periodic rotation, and monitor for unused or aged keys.";https://hub.prowler.com/check/iam_user_two_active_access_key;"```yaml
# CloudFormation: set one IAM access key to Inactive to ensure only one active key
Resources:
  <example_resource_name>:
    Type: AWS::IAM::AccessKey
    Properties:
      UserName: <example_resource_name>
      Status: Inactive  # Critical: deactivates this key so the user doesn't have 2 active keys
```";"```hcl
# Deactivate one IAM access key so the user has at most one active key
resource ""aws_iam_access_key"" ""<example_resource_name>"" {
  user   = ""<example_resource_name>""
  status = ""Inactive""  # Critical: deactivates this key to avoid 2 active keys
}
```";aws iam update-access-key --user-name <IAM_USER_NAME> --access-key-id <ACCESS_KEY_ID> --status Inactive;"1. In the AWS Console, go to IAM > Users
2. Open the affected user and select the Security credentials tab
3. In Access keys, find one of the two Active keys
4. Click Actions > Deactivate on that key
5. Verify only one key remains Active";ASD-Essential-Eight-Nov 2023: E8-4.2 | CIS-4.0.1: 1.13 | SecNumCloud-3.2: 9.3 | CIS-6.0: 2.12 | CIS-3.0: 1.13 | AWS-Well-Architected-Framework-Security-Pillar: SEC02-BP01 | CCC-v2025.10: CCC.IAM.CN01.AR01, CCC.IAM.CN01.AR02 | CIS-1.5: 1.13 | KISA-ISMS-P-2023: 2.7.2, 2.10.2 | ENS-RD2022: op.acc.6.aws.iam.1 | CIS-5.0: 1.12 | FedRAMP-20x-KSI-Low-25.05C: ksi-iam | NIST-CSF-2.0: ac_1, ac_6 | MITRE-ATTACK: T1078, T1550 | CIS-1.4: 1.13 | NIS2: 9.2.c | C5-2025: IAM-10.01B, CRY-03.01B | CIS-2.0: 1.13 | KISA-ISMS-P-2023-korean: 2.7.2, 2.10.2 | AWS-AI-Security-Framework-1.0: AISF-IAM-03;identity-access | secrets;;;;5.40.0;https://www.trendmicro.com/trendaivisiononecloudriskmanagement/knowledge-base/aws/IAM/unnecessary-access-keys.html | https://docs.aws.amazon.com/IAM/latest/UserGuide/id-credentials-access-keys-update.html | https://support.icompaas.com/support/solutions/articles/62000233813-ensure-iam-users-have-two-active-access-keys | https://docs.aws.amazon.com/IAM/latest/APIReference/API_ListAccessKeys.html;;
profile: None;2026-09-02 05:33:48.082860;010603499647;;;;;;prowler-aws-iam_user_two_active_access_key-010603499647-eu-north-1-cloud-security-admin;aws;iam_user_two_active_access_key;IAM user has at most one active access key;Software and Configuration Checks/AWS Security Best Practices | Software and Configuration Checks/Industry and Regulatory Standards/AWS Foundational Security Best Practices | Software and Configuration Checks/Industry and Regulatory Standards/CIS AWS Foundations Benchmark;PASS;User cloud-security-admin does not have 2 active access keys.;False;iam;;medium;AwsIamUser;arn:aws:iam::010603499647:user/cloud-security-admin;cloud-security-admin;;;aws;eu-north-1;"**IAM users** are evaluated for having **two `Active` access keys** simultaneously.

The check identifies users whose two access key slots are enabled at the same time.";"**Two active keys per user** widen exposure and weaken credential governance.
- Any leaked key enables unauthorized API actions, risking data exfiltration and resource changes
- Rotation and response become error-prone, allowing attacker persistence if one key remains unnoticed";;"Maintain **one `Active` access key** per IAM user; permit only a brief overlap for rotation, then promptly deactivate and delete the old key. Prefer **temporary credentials** via roles/federation over long-lived keys. Apply **least privilege**, periodic rotation, and monitor for unused or aged keys.";https://hub.prowler.com/check/iam_user_two_active_access_key;"```yaml
# CloudFormation: set one IAM access key to Inactive to ensure only one active key
Resources:
  <example_resource_name>:
    Type: AWS::IAM::AccessKey
    Properties:
      UserName: <example_resource_name>
      Status: Inactive  # Critical: deactivates this key so the user doesn't have 2 active keys
```";"```hcl
# Deactivate one IAM access key so the user has at most one active key
resource ""aws_iam_access_key"" ""<example_resource_name>"" {
  user   = ""<example_resource_name>""
  status = ""Inactive""  # Critical: deactivates this key to avoid 2 active keys
}
```";aws iam update-access-key --user-name <IAM_USER_NAME> --access-key-id <ACCESS_KEY_ID> --status Inactive;"1. In the AWS Console, go to IAM > Users
2. Open the affected user and select the Security credentials tab
3. In Access keys, find one of the two Active keys
4. Click Actions > Deactivate on that key
5. Verify only one key remains Active";ASD-Essential-Eight-Nov 2023: E8-4.2 | CIS-4.0.1: 1.13 | SecNumCloud-3.2: 9.3 | CIS-6.0: 2.12 | CIS-3.0: 1.13 | AWS-Well-Architected-Framework-Security-Pillar: SEC02-BP01 | CCC-v2025.10: CCC.IAM.CN01.AR01, CCC.IAM.CN01.AR02 | CIS-1.5: 1.13 | KISA-ISMS-P-2023: 2.7.2, 2.10.2 | ENS-RD2022: op.acc.6.aws.iam.1 | CIS-5.0: 1.12 | FedRAMP-20x-KSI-Low-25.05C: ksi-iam | NIST-CSF-2.0: ac_1, ac_6 | MITRE-ATTACK: T1078, T1550 | CIS-1.4: 1.13 | NIS2: 9.2.c | C5-2025: IAM-10.01B, CRY-03.01B | CIS-2.0: 1.13 | KISA-ISMS-P-2023-korean: 2.7.2, 2.10.2 | AWS-AI-Security-Framework-1.0: AISF-IAM-03;identity-access | secrets;;;;5.40.0;https://www.trendmicro.com/trendaivisiononecloudriskmanagement/knowledge-base/aws/IAM/unnecessary-access-keys.html | https://docs.aws.amazon.com/IAM/latest/UserGuide/id-credentials-access-keys-update.html | https://support.icompaas.com/support/solutions/articles/62000233813-ensure-iam-users-have-two-active-access-keys | https://docs.aws.amazon.com/IAM/latest/APIReference/API_ListAccessKeys.html;;
profile: None;2026-09-02 05:33:48.082860;010603499647;;;;;;prowler-aws-iam_user_with_temporary_credentials-010603499647-eu-north-1-cloud-security-admin;aws;iam_user_with_temporary_credentials;IAM user does not use long-lived credentials to access services other than IAM or STS;Software and Configuration Checks/AWS Security Best Practices/Runtime Behavior Analysis | Software and Configuration Checks/Industry and Regulatory Standards/AWS Foundational Security Best Practices | TTPs/Credential Access;FAIL;User cloud-security-admin has long lived credentials with access to other services than IAM or STS.;False;iam;;high;AwsIamUser;arn:aws:iam::010603499647:user/cloud-security-admin;cloud-security-admin;;;aws;eu-north-1;IAM users are assessed for activity using **long-lived access keys**. Use of static credentials to access services other than IAM or STS indicates reliance on permanent keys instead of **temporary role-based credentials**.;Persistent access keys enable attacker **persistence** and replay. Stolen keys allow off-network API calls for data exfiltration, privilege changes, and destructive actions, impacting **confidentiality**, **integrity**, and **availability**. Without expiry, the blast radius grows and containment is harder.;;"Adopt **temporary credentials** via IAM roles and federation for humans and workloads. Remove or restrict long-term keys; *if unavoidable*, apply **least privilege**, require **MFA**, rotate aggressively, and monitor usage. Prefer short session durations and session conditions to limit blast radius.";https://hub.prowler.com/check/iam_user_with_temporary_credentials;"```yaml
# Attach a policy to block long-term creds from accessing non-IAM/STS services
Resources:
  DenyLongTermNonIamSts:
    Type: AWS::IAM::Policy
    Properties:
      PolicyName: DenyNonIamStsWithLongTermCreds
      PolicyDocument:
        Version: '2012-10-17'
        Statement:
          - Effect: Deny
            NotAction:
              - iam:*
              - sts:*
            Resource: ""*""
            Condition:
              Null:
                aws:TokenIssueTime: ""true""  # Critical: denies when no session token (i.e., long-lived creds)
      Users:
        - <example_resource_name>  # Critical: attach to the affected IAM user
```";"```hcl
# Attach an inline policy to block long-term creds from non-IAM/STS services
resource ""aws_iam_user_policy"" ""deny_non_iam_sts_longterm"" {
  name = ""DenyNonIamStsWithLongTermCreds""
  user = ""<example_resource_name>""  # Critical: target the affected IAM user

  policy = jsonencode({
    Version = ""2012-10-17""
    Statement = [{
      Effect    = ""Deny""
      NotAction = [""iam:*"", ""sts:*""]
      Resource  = ""*""
      Condition = {
        Null = { ""aws:TokenIssueTime"" = ""true"" } # Critical: denies when no session token (long-lived creds)
      }
    }]
  })
}
```";"aws iam put-user-policy --user-name <example_resource_name> --policy-name deny-non-iam-sts-with-long-term-creds --policy-document '{""Version"":""2012-10-17"",""Statement"":[{""Effect"":""Deny"",""NotAction"":[""iam:*"",""sts:*""],""Resource"":""*"",""Condition"":{""Null"":{""aws:TokenIssueTime"":""true""}}}]}'";"1. In AWS Console, go to IAM > Users and select <example_resource_name>
2. Open the Security credentials tab
3. Under Access keys, deactivate and delete all active access keys
4. Save changes
5. Re-test: the user no longer has long-lived credentials to access non-IAM/STS services";AWS-Foundational-Technical-Review: IAM-002, IAM-0012 | KISA-ISMS-P-2023: 2.5.3, 2.10.2 | NIST-CSF-2.0: ac_6 | C5-2025: IAM-01.01B, IAM-01.04B, IAM-03.01B, IAM-03.03B, IAM-03.01AS, IAM-06.01B, IAM-08.02B | KISA-ISMS-P-2023-korean: 2.5.3, 2.10.2 | AWS-AI-Security-Framework-1.0: AISF-IAM-03;identity-access | secrets;;;;5.40.0;https://docs.aws.amazon.com/IAM/latest/UserGuide/best-practices.html | https://docs.aws.amazon.com/IAM/latest/UserGuide/id_credentials_temp.html;;
